Feature ID	Taxon	Confidence
dbdfdc0868d732baa41a428e8f7cd380	k__Fungi	0.9921141705240026
8af8234fdb54835a6ac5beb7b5023aa5	k__Fungi	0.9926427247865169
6295e6edee3687aea67c357732ff2278	k__Fungi	0.9930889357539894
7e5a3ddbe1dfb763c39d4e7a9267075f	k__Fungi	0.9696219181176908
e4fb503db45b0078949e8d8bcd9eb69b	k__Fungi	0.975246808567531
f67ae2d16bd24e7b34242c9dfd3e68ef	k__Fungi	0.89440645072031
2cc2aed205945be7506fc1b079315ba8	k__Fungi	0.9841520899015577
377a98d67af8af02d7c2394b69e13a45	k__Fungi	0.9889582998115003
9fb297279e258bee7f36de2f9e2811d2	k__Fungi	0.9962613929210735
922bae8ebbc7c0424dd1c0ac5fc359db	k__Fungi	0.7889222025031695
ddb55996cb80d6bd5e4ae20c1fad2dba	k__Fungi;p__Basidiomycota;c__Agaricomycetes	0.71253889166447
7c12d669e1a77725da58792feeb593ae	k__Fungi	0.9199218601008855
328febcb00e64dd4b91f22fab0e616d3	k__Fungi	0.9908128599114878
4ca0b64a2c4767a49830d3cd4c7a6488	k__Fungi	0.989062517102949
70055b43ba0b3db7b0f4643d63b9ef02	k__Fungi	0.8968098373766571
583a40cccac55b7c6adf21f6ab700bff	k__Fungi	0.8901529487219699
84399e89f930eb7c85f7319d459eb5b4	k__Fungi	0.8145977014850208
610f88f85ac33c93b5162b36d061bc51	k__Fungi	0.9256537400253826
63e051c8b6d097c56d044f8100e5b9c2	k__Fungi	0.9964911384959774
64093c6eba88bb6bcacd0a09c464cc37	k__Fungi	0.9933268659548903
d903564f2700a8fe1bdc35954c181877	k__Fungi	0.9076433648616726
5c4269624fc8ee901263a2113b2af0d5	k__Fungi	0.9236275109496859
3e3fd2ca47052b1b068b3a1c978448d1	k__Fungi	0.9458508724280893
e223bc3db3f919ec17ac4ee57c0e89a2	k__Fungi	0.9324351994182942
59b4e0fa8a1102996f1ce82727d6a042	k__Fungi	0.8992888730629938
22d1c33f961b74b04b9c488591844c4d	k__Fungi	0.8785913705268816
7ef002aaa8b7ff6a91fe8f597317c1f4	k__Fungi	0.9123053244897013
68d5babea63b1d932f846144b26b2d25	k__Fungi	0.9101491552305276
36969fec3f734c0ecc0e5285df8d901e	k__Fungi	0.9882713155552613
c513ab5a92febda6431730f179361cbe	k__Fungi	0.9369653610571367
c7c946618cae08552d4e43d1f2e82a9c	k__Fungi	0.9929001689566379
23556d5a1a8f60d508e70a32972ec6f5	k__Fungi	0.8988664412586518
43f259cf3c841c28cf973d8787ca695a	k__Fungi	0.9649859977599292
997f391f03c284922a48cb2ea5905533	k__Fungi	0.9283256902789356
f11da8cf3403a1d0d2e07f3a09eb52e5	k__Fungi	0.8991048410905903
94bd0d42bcf7f3b6a52a2ef4fdc81c5b	k__Fungi	0.8413833774684555
760e10952485544df114aab28abe712b	k__Fungi	0.8789609727496077
2e106671ea298c1415b531f3802cdd1b	k__Fungi	0.9903834771276598
5458dc9f8a57a594f957c9860fbcdc63	k__Fungi	0.9324546579290659
adaa66739e2e5ec3e850d8abde761003	k__Fungi	0.9222761549058591
05b5d530dda544ac67979e1cabc0cb04	k__Fungi	0.8160044311955149
b4a606cfd6e748945bc1a05a82a02142	k__Fungi	0.993802396565407
22ba03b9ec6b7d45cb63176312c27f4b	k__Fungi	0.8651303585849514
5e6add9ed87acf657e5c792c2473c508	k__Fungi	0.9511386372273878
734b8074f62fd3c48b1ae923400ad5a7	k__Fungi	0.9235360377665605
829108ea9966701691785be502721cb1	Unassigned	0.6381865765328074
94c941447bc67a3bb91ca6d3c93acd97	k__Fungi;p__Basidiomycota;c__Agaricomycetes	0.7518849447334499
493c6d77815f1153948e500a87e47f05	k__Fungi	0.8814842831172109
1e804edb1039f580a49f41d297fd8d80	k__Fungi	0.9930016478011295
8d3d54f6ae5d6cc933e25f9ddfd9f1e1	k__Fungi	0.9966930819535221
2fdbaee922c5ca6ca2c9c330d5ffc691	k__Fungi	0.9014356138506354
6cc0d169ea3184a68ad470817addc780	k__Fungi	0.9000166276737909
2fa3852b0e29d609cf689d396678c136	k__Fungi	0.9456258268577664
7dc8eccbd42577a0016f661a522e3321	k__Fungi	0.9759019060311179
39144070dc9b08d30474e64b8b80eb88	k__Fungi	0.8105678829003096
b985f528844dddf24cbf8955f8e64101	k__Fungi	0.8824989848219803
49779808570d94a1c88b6fb127bef150	k__Fungi	0.9274826419612408
64b351ea63c662447d5e745a260e7776	k__Fungi	0.9392875579698277
3cd393db46ce67a132d4279c94437856	k__Fungi	0.9702670688860088
1aa95b6337b9ed9a376bb19abad6d5dc	k__Fungi	0.9939440085069426
89d9fdbf904d2412c5b89d07ea5669f8	k__Fungi	0.8810926851257164
1f7eb955827c3bd0e29a54a9f75b46b3	k__Fungi	0.8618284372877911
4da306e07db82725618cd61ed85d7f2f	k__Fungi	0.8525177206809129
206ad5eea28b8f6588f1b2a97935d62b	k__Fungi	0.9398864630422803
3e4310ace856b070616d76fdc0c22a63	k__Fungi	0.8563727975198918
e397ddda095fab44cd788966fe55428d	k__Fungi	0.9539634406528016
3f3ac0eefe2c7a2a95d0b3091b46d6ba	k__Fungi	0.9863773579127276
0bdab622bee44cb9088455cf6536ad24	k__Fungi	0.9402824958617878
89b32b2d04f7e01ad59e651c5b70fa38	k__Fungi	0.9942473381374503
6627f870c856263104e01e1d6c8c606b	k__Fungi	0.9951609475725747
ed9f3c37bd16bcca03ffe6c4d2a2e519	k__Fungi	0.9116541055338585
c72096ad97b34fcd5c42848963a9f7a6	k__Fungi	0.9365704895162537
6bfd98e1193ec7c26e251acfe7831911	k__Fungi	0.8800077072851077
b0f2c9c4f859d8c81603644fcffc77f2	k__Fungi	0.9114475120300974
51842ce259220b9ce653a1efbcce450e	k__Fungi	0.9471055206532963
69681e5acad46728c44eac4653661686	k__Fungi	0.9374352175634224
498d006cb2eae09fa3557552cc292234	k__Fungi	0.9443511983306614
d56e2e7291550c18ee3133d9db88bb19	k__Fungi	0.9605197699790069
9865694e725a0e9f13fa50a5c7de8d07	k__Fungi	0.9818425157435716
db3c31e2ca767b9a5b0ecc979c116f99	k__Fungi	0.9384825329132391
5e321cc43ccff19a43acc4131f8d9db7	Unassigned	0.7834182004036038
2b476c388805307ef70607a01905f58b	k__Fungi	0.9212448235069395
26d631a1a46d3f8e6161464ada2c2f3c	k__Fungi	0.9268906023118912
1b135d7aca777d8579b56c73e76936c7	k__Fungi	0.8755775098174093
747aadeaef50cb6e6adf64581e93752e	k__Fungi	0.8787121269139031
26300c78df2cea458869e8305680f8d0	k__Fungi	0.9584958519619333
542c2b63ffab9c49dd438d21f48c848f	k__Fungi	0.9023498549774938
18ab52d609b612495835f1ba69f791d3	k__Fungi	0.8604728208289677
5a503023d0aea8626c7677c8c248a097	k__Fungi	0.9962651284175308
89dada9dd0c442b80c176d517a31a97b	k__Fungi	0.8037945890398314
6a290208ec415c9ae1ef5ec9cc4e421c	k__Fungi	0.8536448870412897
0661935fa815938c54aa45074f179c7d	k__Fungi	0.8452117013203556
529ae8d7e3c498e41f164df773dee3c8	k__Fungi	0.8172589337163161
45b26225697ef53a1cb29913e16f5413	Unassigned	0.800036552502109
45e03d5e6482c13e5b7ead99c942fb9e	k__Fungi	0.8094823281787799
cb2bd9c9a822be905795421950960532	k__Fungi	0.9559234874166421
de96ff3d7ac020e439f36320feca048d	k__Fungi	0.843105726421707
beced0e962b31755df95647232f1f7d1	k__Fungi	0.9242198036053386
8e875aba5894543d2977ccec438da9af	k__Fungi	0.9312565242907741
de5d16078e35ea8437df63332cd9985d	k__Fungi	0.7734111374970101
d222faddd7dfd56474087e62c07aa607	k__Fungi	0.9020542874015376
d32ba34a861b963ad47d6033a871dee4	k__Fungi	0.9232434670829874
4f6d93e83e4e915cdb9184ebabcd321f	k__Fungi	0.8975970845595735
c60ac0567a636caf70dee6d1fec94281	k__Fungi	0.9126544485138409
4c07c44c552c2f4a910364e41311183d	k__Fungi	0.8803767041909933
32c424f5c2e71832280f82ec385c9830	k__Fungi	0.9578573290500259
93c4fb67ba1aaf4a48ba87c31e48d6f2	k__Fungi	0.8907163518868878
8ccf1242f6241552427dd8b691aff990	k__Fungi	0.9513963227464897
316321fa6ddfd4a4cf4c4a737f37ea00	k__Fungi	0.8419515314184718
59d6f5f155879bc50eb289dec03b0a98	k__Fungi	0.90994271029079
d2cae9e1373b7b3016761af524f0ee53	k__Fungi	0.9131392105440415
8623a62f98e9d3da0639aaafc7c333f1	k__Fungi	0.9293220805981796
9e17b52d773c09214e3f65c64b1e2ec8	k__Fungi	0.9031637608211508
367fb7ac6f7c39429e2d535086786050	k__Fungi	0.9209161539263755
834e0ed3bc6a6e0eb141254f6a8514f7	k__Fungi	0.9048891541458455
719279c1f12ecacf56f1a390b610b64e	k__Fungi	0.9567908252151012
f4d8651e8d419f8d9c1ff50d3d3019d3	k__Fungi	0.9957702611770425
640a790ca9a09a27afb226335695fa01	k__Fungi	0.886029327358598
b9240ceff4655bd2a291c07e497bc433	k__Fungi	0.9360503872055952
ad05b1afaf83c2c55436c00ea01f8ed3	k__Fungi	0.9200122090290949
d27fb079913d9f4c04f402f2b4a7eae9	k__Fungi	0.9948621760861572
e9085dde7504eae6ebb2b66f6fb1ac4c	k__Fungi	0.9165749866815038
edb98879fed117e7421f6dbf6e6fddbb	k__Fungi	0.9491942648097728
bd07ca78785be998f0f708a51f95230e	k__Fungi	0.9297118474962192
6a291c699f390c6e64f7b28e8a18ca73	k__Fungi	0.92118633087615
0fe03d2d3c7bbafdf40c038c3f1dad2d	k__Fungi	0.9781886213640745
6a3a725de49762b25dc6003889ae8663	k__Fungi	0.9805076035832514
a56586471c5d5fbfede9e36db1e3f2f7	k__Fungi	0.822339090145336
a5e8a3053ab2332260d3c87f18364a93	k__Fungi	0.8578777060413236
b34f7e9e71cb4e72122a8fedfa57872a	k__Fungi	0.9934420753015456
ce5a7db34dc9d0f81650a1728a756d23	k__Fungi	0.8604210863957409
17a85455181565a70d288d1bac46daaf	k__Fungi	0.9358978948827336
857419fa6a36a51a7334646da92d8354	k__Fungi	0.8922586287141303
836e6f89154a551f47edf89bb58c5316	k__Fungi	0.9942289999463257
b280ca89e81d9ef5b7b10614a2b67374	k__Fungi	0.9075302454211056
9848d830af783484cba8d413c78df8a8	k__Fungi;p__Basidiomycota;c__Agaricomycetes	0.7392190053550122
fc908f6aa00109c1c54927de72bc0ca5	k__Fungi	0.9774863143111248
bf89066043c1a43dae7171c19dcbff90	k__Fungi	0.9241658595384064
7c1585a485e4c863c6a05e4515f0b4b3	k__Fungi	0.9029900833908697
d9427cdfe4e880521956a2106edb593e	Unassigned	0.7497896018680101
7db01d013d1ed700963c9cf8edb53c82	k__Fungi	0.9230849151955105
d0b8729436d5afed512122ca97260c14	k__Fungi	0.9979981590545006
d7a7a2907d233a29073bf959cc59f761	k__Fungi	0.9806595384100445
bdfb95a093f06a3dfa328b94ec22c6f1	k__Fungi	0.8960878282649123
bf72a46784fe8b3978ba87f557249d3f	k__Fungi	0.914332830892271
d54dc51a12a0ab1469073be7e6b67494	k__Fungi	0.851526520684567
36d23635f3ced43bbd4e8599384fa081	k__Fungi	0.9140539597714429
055da04772dcad5437c551c97225def4	Unassigned	0.8214493070490463
94358037b1f0b2d96de9452d4af9e1d2	k__Fungi	0.964449958168456
bab360036f126b4e4bcb5140bf014400	k__Fungi	0.9073942264572565
6788cb18b3bd7c22b8195a920ebe477b	k__Fungi	0.9397443182380338
bcd1c44405eba1de0cb4e9ff71e647e8	k__Fungi	0.9009107496362386
ca75a3fb48bb414771cce6ad77042fbf	k__Fungi	0.9465806026766108
1933b9a4ef299031495b4714930f9b13	k__Fungi	0.926152769725292
1715c96c8080c806deb86c6caba42e46	k__Fungi	0.831763917389001
a8f9855072ba181a03d5fbcc0c3118dd	k__Fungi	0.9065171230549018
b4367b6011a9ab140e4ff297f267f57f	k__Fungi	0.835857798777849
5b4618be4ce5df9b3490162f36e91d24	k__Fungi	0.9703534699410105
d7c9ec00e6fc95420a838970378c47c1	k__Fungi	0.9240255733964804
be9fcdd97c17ae334053881ca6b371d9	k__Fungi	0.9395673758029455
250be98eb4a989a6c9927070d5ec570c	k__Fungi	0.789725627388918
90b9037236b12f0748eff1bd2e639e31	k__Fungi	0.9892060650925145
c2e565ee49cadb81e084c5eb3d29a1c2	k__Fungi	0.906529525094237
aa9c3afb895b41bbb096bdd0ca7afddc	k__Fungi	0.9157198841874583
e3f166c1c4d341ac75ed31ca6b25dda6	k__Fungi	0.8829224405147887
c58e973ebae852d9f6a263e3795ba878	k__Fungi	0.9218874437732613
a7c743ad6bd9d9c10e1d477e93f7282a	k__Fungi	0.9001195793061633
033c99ba9b2670061d64ed6990e123c0	k__Fungi	0.8548010056286381
3ecdce61e20c3faecdce49f7be3fa162	k__Fungi	0.882030650722375
9c9f169f427632d3d6cf1cc53b7055ee	k__Fungi	0.9727961762768484
135fe367e2e8d42c285187d8810d114e	k__Fungi	0.9057407537267882
bab7cdb5b041ecba0a96bea19aec6c41	k__Fungi	0.8776837949142244
9f0c86b5bc8c670c2db747ac5cc39246	k__Fungi	0.9843809389536775
aca8c874c9ac1432a0f3a620d7de4974	k__Fungi	0.9391727963894146
50b331780701e615fdc5917e49c4d7e2	k__Fungi	0.989141044282862
c0ac67be6543fe67b2ef9a52003c54b5	k__Fungi	0.9901276676699005
9dac18d6594262ee281d24f1c0ca78e9	k__Fungi	0.9559554142941908
b2f744f49290f9999ce3e3bbda09a069	k__Fungi	0.9205214204213168
fffd6cc8267ebb93ab05dc69446dbc61	Unassigned	0.8234762482885978
4efd201a0d01b4ab23f9856d0cd48816	k__Fungi	0.9678029132410844
deb213eb77a37b15cef239e678f51a8f	k__Fungi	0.9782327473864354
56e56e656d29433f0e1c3bf5dd706c1c	Unassigned	0.8353467986603214
03601ac2ad5b76944bc9f90ffc17bd67	k__Fungi	0.9791581189921853
287b19590bde52990e660908c4b752d3	k__Fungi	0.9714022024343919
61d52c76da8b8a9d054fb08e97623eef	k__Fungi	0.9105439059283605
d178d4e135439203551fcf27a91818da	k__Fungi	0.8903958005705739
4ba4503fb1887598fdb26e280bfd6f93	k__Fungi	0.9344023815434706
61c94f72a1285b6de2af196eef84e1ae	k__Fungi	0.8855421540320378
74edf99d4e7194d68afcfdaddf9fdf16	k__Fungi	0.9313683023926148
a8a1573c22d9f0e502750b8c1a9716cf	Unassigned	0.7892214018620027
df65e3097be4c31f198534ae7bd0dc62	k__Fungi	0.8422577195607197
362644c1fb2389d91e8eb060d421a248	k__Fungi	0.9618584151950496
b911b0dbf66e0aefade81af97be69d6b	k__Fungi	0.8998478975276974
e58294240130474f2d64796289ace458	k__Fungi	0.9611363805586235
8813d4b8944e79d5d5963d19ede35bea	k__Fungi	0.9634880151507446
5b112b4644e71137febf3e23442d1c90	k__Fungi	0.9695294360839878
d587faa0749763afbed5b43df19eec18	k__Fungi	0.9456172523785149
85ee4df7e9c0cb5b2051fabd1a2b536d	k__Fungi	0.9139825180551551
0fd43ad478d73344dcb10490e827f799	k__Fungi	0.9506141999878511
8e3e94884fbfb1fef1c85171b707982e	k__Fungi	0.8270964303545485
7aaed94f2f2a9a69d5b2770069d4c133	k__Fungi	0.8509672443116932
9e1f90c6f9a2910e86bba7b0805bc283	k__Fungi	0.9467777435184295
7e8271e904319528cf91753acb6dd842	k__Fungi	0.9217308595677545
a648ff84998985bf5a34a9d3df41ba00	k__Fungi	0.9363737237065872
a0a9ff6fdaeb756808d49cb1664b7ed4	k__Fungi	0.9268658890722073
b69de60103b3bcf635d9559910896b60	k__Fungi	0.9348614109616007
c4daf97980909670b1eee5c715d7e9f6	k__Fungi	0.9539801244902588
4e81c217b40c63216ff92995823746c6	k__Fungi	0.8578887689784829
f503e452e9a06cde62479fb5f795dfb6	k__Fungi	0.9435333313687415
9c96e68a2d65043d41fa419831c8d785	Unassigned	0.8087309453068706
a54c454ea1b70c89e6445b7f48711b02	k__Fungi	0.9743107269542443
5cf9e9e78c0d560ba52e1891ea1b4fd6	k__Fungi	0.9642966977713655
31142c1a7f3a87d0173ed495e88cb1ce	k__Fungi	0.9760579036102943
0a5a5d55470d8c5eab8853202527301c	k__Fungi	0.8347824151118252
986080e82f34dcd3636f6deefd4bba93	k__Fungi	0.9235385627376289
6fcf3b1028900dc889902b290bec041b	k__Fungi	0.96381694467214
1c43af330e5b1cd9e3f748f301b5def8	k__Fungi	0.9570362979541294
449ad2c113e6dcc76bc8335163b465a6	k__Fungi	0.9088307443897066
20728466c80d3515034a169a125376d1	k__Fungi	0.8607514086303518
c79515c178ce6c239ef68ada47c6e477	k__Fungi	0.9599899539227945
2078468fb12ea4122c369c381b7b0e38	k__Fungi	0.9754725350619802
595e056acc972a5497581e0749c7bcd4	k__Fungi	0.9395954987099753
21688023d554a72edbe843f9459c4876	k__Fungi	0.9157367356409973
22b682655eaeeaf63bba1955d8b79e52	k__Fungi	0.9517646183163595
00c80abb559009db8d98b06ca5bd72e2	k__Fungi	0.9032113009444517
b4ed6aaedddb8230ac1375a81df408e5	k__Fungi	0.9638510795510974
0b209256eacf409180add68f6c5bd7d5	k__Fungi	0.9874704872366941
34bf8b25efed4d89ab80473ce0b68f91	k__Fungi	0.956709512616286
e13aab323caf79bf8a902efa15cde36d	k__Fungi	0.8690589683458669
f057df6b254b7ec0c627299ac316b10c	k__Fungi	0.9431514081925191
c981e1820ed2592d9d25c13843732b59	k__Fungi	0.8280633749127355
d65bc6ae0dd86b3a7cf5bd11c8fa7469	k__Fungi	0.9117336625563857
d43d90acbec08e89396a9afbc56f8257	k__Fungi	0.8141237634851939
27a34f30cc92e7b0524965cd606e4a01	k__Fungi	0.9709286370515386
9f288b8731e638a1ad5a801ef6bf4db4	k__Fungi	0.929911470576348
9773865ba73c6abb6fcc5a710452e09c	k__Fungi	0.9628866324256533
073d7fad911dde95650167369670cc39	k__Fungi	0.951736754538037
84fbd015b7286b97d2ca452c0fe50154	Unassigned	0.7840440173814724
915ed8a307ecaea77ac39f837d872818	k__Fungi	0.960125583934263
85d6019334d960a47de6f4666bd81ca7	k__Fungi	0.9010376200545622
1b071f66f34c924d1420b4de6a86dd94	k__Fungi	0.963859874238864
afad6e7f498251f8d124294022aed957	k__Fungi	0.996357061733014
7f158db40d408c7baef5090946393932	k__Fungi	0.9145860598444632
e7228871321dba87e83c39a708e0e5d3	k__Fungi	0.9653358646525911
db67dde8c23c44c120525c0dd3cfc555	Unassigned	0.8154021874478439
04907c8c5fa336bc3394e9001901d07b	k__Fungi	0.9746247222486433
9091858a54664ad865936f15ab0d4a5c	k__Fungi	0.9587831062614759
aa9a9089cf126ad944e4f36da92b7e93	k__Fungi	0.8762844620114727
d51a2a1fb2c3df123e61d3121d6bc948	k__Fungi	0.917724238197492
2af2b2bf77448a2ec431adcbbeef39d3	k__Fungi	0.8439143190503553
762a257568fade7d465c04efa9ccad9b	k__Fungi	0.9354421676582877
58b46e8084a02d479f44e7e1e4d4f9e1	k__Fungi	0.9955269661831825
bc6d287d6bef5175ad6de723374a9a49	k__Fungi	0.8519651285042678
22a53664313eb7dc0b82911abd5b0121	k__Fungi	0.9266764742427258
cb46f331bb971241b467df5430b268c0	k__Fungi	0.9701015055628651
4cac1406db0a25289ba7e0556f547f85	k__Fungi	0.8745714891301533
9c190460485ad652865f6d5874121a38	k__Fungi	0.7950427180549644
50f9cbfffaec8c6256efccb2fbae7238	k__Fungi	0.8991836812782708
20eca5da5591a8c4b65190180f094c3d	k__Fungi	0.9169452638637281
4cd7c2141c5ad2dbb1208ebe5f09e8e4	k__Fungi	0.8895801798220726
02d46a3779228cbf1a78efc26064d7eb	k__Fungi	0.9308401061869744
83fea803925ec3654e9b12d742b6ff37	k__Fungi	0.8832597536532092
3bd217e3d20084d249b1956fb42f10c8	k__Fungi	0.9344464463407198
b5eaf5720932b146419a3233ff08b984	Unassigned	0.8082255519865229
9a735d111587926b285653924818ced7	k__Fungi	0.9669551613035877
e549979ea401a55dd295b156a8618fa2	k__Fungi	0.9586993059305398
4d9dbb9d25465cd61a56e29111c51a96	k__Fungi	0.9124202388612146
5557ff1e76eaebf655b66be010dccee5	k__Fungi	0.9582391474503713
84360a09324492ca954dbebea3b790f6	k__Fungi	0.9637455432165841
f42a8b1c4505c982bf42638c0f467e20	k__Fungi	0.9866119175705692
ab1ec8d6351e565bceb108b8016155dd	k__Fungi	0.9072273750812493
8fecc834ad7c9b798d0a5525d31d4601	k__Fungi	0.9054457042524431
af561e98034af20d4f530ef94e64ef1e	k__Fungi	0.9626918196316887
606ae7597507bb994a135c9d228d5fb4	k__Fungi	0.9479301066545052
51ab5cc6c1a3b26cebc839883cca178f	k__Fungi	0.9551002410622222
609654987f282d651b5c591ee31bc0d1	k__Fungi	0.9116145804502809
56c57b0da07be79fb50f19c00a4a8c22	k__Fungi	0.8124671972023798
83aa1af3ac41853b40a79bf8f7df9175	Unassigned	0.8476326334955913
45707f8af92e23e9b22f7add51d3454d	k__Fungi	0.9443780584787939
e6e0887a1cef0bedeb053fffe4779d0c	k__Fungi	0.8927292640752585
44426a39fd92b3fe4d468646e33f7bec	k__Fungi	0.9173567614455398
5878783ddb8542959eefd619d685ff7a	k__Fungi	0.9925656173894422
a2636695d87f385be09c5180bd7d7dd5	k__Fungi	0.96997682048087
1535bf4bc9463290041706f9e1cf37a6	k__Fungi	0.8144172297684255
4c78c4455e8506e6e9d4cca75857774f	k__Fungi	0.9799706799646162
2e9171747542c23493b7af153f095d87	k__Fungi	0.9536613965811063
0e565ab63e94e029b462a9e3ebf2fe69	k__Fungi	0.8964705555133557
124b0d581900d3d0f52cf0a2f91ff56f	k__Fungi	0.9776935625930919
131db633168ad4e7d7643b9793c25028	k__Fungi	0.9531446344674195
2e60cea422016ded6725a20fd2acd763	k__Fungi	0.9892262708076951
4ffdc6797252372f721e7a1484f2959a	k__Fungi	0.9509392429479095
738d26469be1e9355b57238d5523a257	k__Fungi	0.8662414678993134
37fb33485acd46252e8453d1d089f6cd	k__Fungi	0.9571159667865501
c2f5a1ac602c625a6db760e100094008	k__Fungi	0.8601109681880921
4141a047ddfd6ea4ed7684768b37bc99	k__Fungi	0.9905737083212025
69f407e341e099dabbed27b4eb1af805	k__Fungi	0.9219700025658916
ffbb1dabc97f8449d09eb192920b2563	k__Fungi	0.9198640361072472
b511e73fc96f7ea98765f25ae11b2b5f	k__Fungi	0.9790603109635166
4e62f365ebea15dc550969f39acc6a85	k__Fungi	0.8911358810219555
84d1f942cfc2cbc0259473b4bbb8882d	k__Fungi	0.9437298827546761
98eeccc43891c3aa74c1193304c82980	k__Fungi	0.9211961110377918
956228b5ec65e7af7438ea729401d33c	k__Fungi	0.9773656944591302
61c8e63abadd8dc69e04a6d391a76e82	k__Fungi	0.9395631692164879
5844f59fc2dd91ecb167a51e7a6ab10b	k__Fungi	0.9733619985350913
d416b02fc624a76e5402c0be7c203e7a	k__Fungi	0.8139877782711508
8a7de3bb735dccf2353a66f347e9c1d7	k__Fungi	0.9191402587181725
733810f04733890f49c027e5cd394a54	k__Fungi	0.9360775847653942
2d2eb51b6cac5e895ac37fea28f6191e	k__Fungi;p__Basidiomycota;c__Agaricomycetes	0.7407190684407594
d4b58976f8781fbfea25dff756bab8fc	k__Fungi	0.8632000052217843
9eb76d6b509e5420bf8b7233ee795c03	k__Fungi	0.9375021139695519
08d3a04c85c9eca723be646e2167b2da	k__Fungi	0.9326329527669587
3e2a81e1cc1d8a5b5dc398a58b0fb17b	k__Fungi	0.8815074742952476
17bebd4d06d77a195659da6fb0304981	k__Fungi	0.9607673271848988
c62f06388d77e98d829205eb1203164c	k__Fungi	0.9766806502025726
2cf52486c5c7ff3be2e7fccd22f09042	k__Fungi	0.9744672175816081
61edc4f0513a18d87cb292c3c090ee95	k__Fungi	0.8811306665683737
fc262abcfc76dfc1ed2b2ac12f3f20f3	k__Fungi	0.9087290934972753
c93f2efa392d5cf43c8c610ec2258f3c	k__Fungi	0.9696856621944624
6a72fe0db1b7efd5ea184ea5034ba491	k__Fungi	0.9956819665934977
8c774557453c6cc957282f41a7880a51	k__Fungi	0.9014794438811804
191832f0c0dad0d89ff68d9403a543a4	k__Fungi	0.9468371531099952
6c4770ad02d8d0d10cd4690bc32f6699	k__Fungi	0.8113253273838618
cfec4a39eb43213b24d5245b80eda09e	k__Fungi	0.9426667310947368
b09cf3266862939c9547654170b4055a	k__Fungi	0.8932498732436551
0f6abfbe8dc3d4f6dfc5747c4fcacd98	k__Fungi	0.8587259588351478
9ab0c6e4c08e24a2d8b510c84782ae85	k__Fungi	0.8759033832859968
c01629f5eb459a61a9860b932ccd144c	k__Fungi	0.9512365400314132
4dbf176236cdad8d128e935e98f7dc30	k__Fungi	0.9763156071751242
3927a12380fa3a1b83b2887aefc57724	k__Fungi	0.9494773681864159
48ca1a9371cb9174616e57246e919c62	k__Fungi	0.8809902854474265
e1f21465ca4ca0bd4074dc6887d260ca	k__Fungi	0.9236001339603834
7147b714218801e509042f87b27cfa12	k__Fungi	0.8925305872126028
20cca2899aa1dcb5b790f074aee12ab0	k__Fungi	0.8484112293537148
7c33ddebb1c1a010cd92b30cfd74b1b5	k__Fungi	0.996084424323654
5bc6741e11d063983b09e48d0dc48cc0	k__Fungi	0.8731314670319643
236c5c591b75bfdaa75e134481f470f6	k__Fungi	0.9209903732943536
01cd6d75b9acbca470726f375274ea27	k__Fungi	0.9968984337461266
c226a3f71c0e3c977dd9649c914b5605	k__Fungi	0.9884694608007718
4c166e03e75019393be01209a7c1dd74	k__Fungi	0.9051639158089002
2c371322578601e762f7ac6155293cc0	k__Fungi	0.9451692245327666
d858aae669e080145ea73fc54a7bb14a	Unassigned	0.8302949293134406
cc84b28648398642dd948fc6187f8eb6	k__Fungi	0.994243317787971
1aaf676063dae53eedba6e7c2d6371f7	k__Fungi	0.9802931883701251
735958e4d0c8da3f4acb709ce7bf7a94	k__Fungi	0.9485180011812597
3d2b3e43576a817cbb55e346907f959a	k__Fungi	0.8649838713447411
aa3dd08e1fd0e392dca3b0b621cccdce	k__Fungi	0.9170578403527647
80ae0e7ac3923199140929dac6feeaf1	k__Fungi	0.8826989949992465
e9727f7813603d86a03cd15ab16e5a08	k__Fungi	0.9970693898890437
fbcb922ed1e51d5a60b51d0bb183e586	k__Fungi	0.950994441714534
4c81b57bc9fda3f95a8f98f62e0fc6cc	k__Fungi	0.9487884539691217
5eec80589839f2ee4718e4ea8258e18f	k__Fungi	0.9200170484423114
01da35347807449731c663ab3da70baa	k__Fungi	0.8095167926378262
adc114d327cc1c9af5e640c6b01de1c0	k__Fungi	0.9147385816756592
7fa7bea38506cc1f5eda1a50a064d759	k__Fungi	0.9949385822709343
3ad906095e3628847d0817ee569420e4	k__Fungi	0.9910793760661656
77ff049622aa4e1268f1ffc19ca63abe	k__Fungi	0.9853095275042285
cfffb35c847d468fc0e4f0d583e2d286	k__Fungi	0.9509804019630772
2dded7a2387ec383b7c6793fd65d505f	k__Fungi	0.96278516770397
e3ca34532cd028df52ebd57cc2d775bf	k__Fungi	0.9915044782083953
88049258efc0e6144456cc66e20c5ff2	k__Fungi	0.9436749867781559
cbfcaa2784499657341fb27335543096	Unassigned	0.8352263773963436
936d6eb4179556a240cbe62bdf20acc2	k__Fungi	0.891409830540416
fcf1300ebcec792323b72053cb29af20	k__Fungi	0.8883194495466923
08e3632d2149ad20b5c05659b5fb0c9e	k__Fungi	0.9750223412553747
9eb9e65929e1ca1835006d230177f2b8	k__Fungi	0.990891536176106
b34ea7721d2548756a777ed2ad3e88d0	k__Fungi	0.9971884036545426
dfd9c0cf560eabe0eda3608b10baa4d1	k__Fungi	0.9478006568512828
df99ab904f5d2458072c20730eb93ec2	k__Fungi	0.9850529876980727
f66b6d311b28fc29b92c5ca0980daa94	k__Fungi	0.9934025326099707
d8f7d40ed566a527bbd4e01a6adb63e9	k__Fungi	0.9212437005554374
01f414dbfdc5e8c747b9bbda1bc25b43	k__Fungi	0.9404828218597342
63ffdc0f585b2b634cbc586fa5fcb375	k__Fungi	0.952119889625927
e64993dc1ca3224099176c456c3b8931	Unassigned	0.8140031329340183
282ef112515a83dcecbf2155c8396181	k__Fungi	0.9120868825975185
0d12b4a31f4cf3e0085d29a88180bacb	k__Fungi	0.8664760510527824
2cd4a1452000bf391ba361f38ebe04d3	k__Fungi	0.9201998712400207
8c9934ba0b7cac40a078a7135cce49fb	k__Fungi	0.9736411378086822
3db3236b517d312e80d15eb62343290f	k__Fungi	0.9942424548340119
0e7e6012541553a1a22ccd87cfbe0ad3	k__Fungi	0.947761877978341
9412ce033be57e099a79bd6808890e10	k__Fungi;p__Basidiomycota	0.7185779703122354
a5f6f4f5b969744d293fb03dc2985c46	k__Fungi	0.9593679050146647
e3163c029ca9072c53da9ab52620b10f	k__Fungi	0.8484926844727113
0fc1bf3e606012a0d8c0e149f1551722	Unassigned	0.6949856289484766
ec007f46df89cd73eeea4616a169b495	k__Fungi	0.8213295002052512
d7d7470aecd0ea67d6c126b5bf507dd6	k__Fungi	0.9774950833382772
d892e99d22c7599d42272f017a1839f3	k__Fungi	0.9508482052095024
8a8fdd49911ca45ebf7665e2eac6f883	Unassigned	0.7341671498035648
e4e919100d2e1c97dbc2cd73b723c8b6	k__Fungi	0.9171374086998803
300c2bd331cf977a97e2d887893d67c8	k__Fungi	0.9149993593718633
fdacbd3aac27a2cd49b15cadf18ffc0c	k__Fungi	0.9600324187907037
f110fa8fe6ae8c23a18e7bbfea984154	k__Fungi	0.9021956320309089
18e16924e2a670c31b8da3a1e776c7af	k__Fungi	0.9271564599464003
0d34fe85106fb0145b68e8bd1c3ba5df	k__Fungi	0.9725345579258522
f239b899891ea69f8a4c41f62af2ad0c	k__Fungi	0.9037825393097764
60f25d0c1176cccdf51329373179c9ac	k__Fungi	0.9345451352010791
c4ee88feebc09198e7a931db6ee273a3	k__Fungi	0.9932935320696991
e5b24380814c4fad01e6cf6b4c971735	k__Fungi	0.9793464869957998
5a80b3fc499d91aff1eef633610797f0	k__Fungi	0.9704728280366794
04ef9de195ece5ffddcf72d0f164d6af	k__Fungi	0.9563541236947476
4f64c634b0edb7b83758d3f4061617dd	Unassigned	0.7493263033390485
e7a9ea9bd5f5cfe751b7d320acffbb3a	Unassigned	0.7123600581563432
7f3b3309f332bc474ded15586b8187a5	k__Fungi	0.8927974400572579
5afce25e12d82319c4ac8c4aacb11fef	k__Fungi	0.9952467613195461
0a044ff8cdd15e8199dd062ee63009a7	k__Fungi	0.9593723544012379
9f4d8ef5d90882b629568084f92deb35	k__Fungi	0.9529935653618514
663f413ccdc3801061e1e9f37f637b63	k__Fungi	0.98792315107258
8c749ff60dc866ab21c1e5c0f81dfdb2	k__Fungi	0.8519439572964541
fc6e6afe5f7fc7f8f64aaa03ebd3de7c	k__Fungi	0.9921468734057316
c7bba9d9019ab3c2b50e9c2f2bad0e47	k__Fungi	0.9771752114521581
88442e0dd4adc3ebd0782b54c5a48a18	k__Fungi	0.9854887416477451
09e90f14c49bb2fa8718e4b5013783cb	k__Fungi	0.9407711660802802
d779a392aae2768774ff60ef68973066	k__Fungi	0.9052101171800491
b18c1734543282843159149bda64774c	k__Fungi	0.9934439395691748
936535b3efc96e3cff38f0935113c0b1	k__Fungi	0.9605546451644745
be03e43feb220b61da916d85facdba63	k__Fungi	0.9492889412735948
1c6bd69899f4844725e7b32850d9e8d5	k__Fungi	0.9961363260847671
e26a7cdd8e84dd1fac11afcf1b3085ed	k__Fungi	0.9570294455908495
a67285de24ab11ee960e3ffda998b77b	k__Fungi	0.8817120784271436
7379bf1318c6194fad351ddce5b9bcbb	k__Fungi	0.8469125241980009
73180eeca3144054e445d6efc7674a3c	k__Fungi	0.8173204524728132
050f765be890ca060a6328a943d76450	k__Fungi	0.9062690749749441
0614d182ab3ec60dde0bca53127e98bc	k__Fungi	0.9233776008842024
94e619728743e6671811d2ee0e97844b	k__Fungi	0.8851689191216929
0e424ead67c3ae05bbd3c94401a1b6f3	k__Fungi	0.9246520964998367
b80aee89caef2ba8afbf97060f694e06	k__Fungi	0.9428099991602544
3678acaeca58239b13d8fced2195948f	k__Fungi	0.8873971354483641
2adae872d6a2bccd8709ea00c679f595	k__Fungi	0.9613888619858955
26e5c842df7a29c585e8c2d960c08e3e	k__Fungi	0.8803760151524593
92d75e51a1477668fde229945ddc70c2	Unassigned	0.7945969514797346
93b02fcafe5711e20f671b959c29d268	k__Fungi	0.9159407309244716
9353f404f009e32815cd36543e365449	k__Fungi	0.9856435680783114
65e8d185f89499e15e33dfbebfc7981c	k__Fungi	0.9721172418265314
5e1f3bdaadf5b8d2d466e35cdeb21a1a	k__Fungi	0.8378935322162016
6ac1d53fc45de9468d366e4b33de88d6	k__Fungi	0.9717655328075485
d897827ccda9fdf03a22a0edd80e6d04	k__Fungi	0.9259020583767501
8b995ea4968e25905a43710913c9353d	k__Fungi	0.947339258910075
671571f5a4846e50195b553327ca092f	k__Fungi	0.9366472903318018
9a93fde8f5cb64932a25824933d8fdb9	k__Fungi	0.9227727518559896
0ce7ee694309e827e4bb2ba1da94152a	k__Fungi	0.966994926714724
70d0367c11a18a1bf7a8a17ac821e7a5	k__Fungi	0.922464238681538
4d388d6981be908d42e99bca8ebab489	k__Fungi	0.8916763023260645
5fa59b9445b980eaf98945dff21688c5	k__Fungi	0.9700593273932834
06d8ee5bd0c110d6b322d6a134cf89f9	k__Fungi	0.9117414035394706
291416a26a03685a830b65d914666350	k__Fungi	0.9798711568304151
4245b05689bc4006d05dc5d6516b8b38	k__Fungi	0.9499558513404539
bf3397fac826c32dcbefc02fa08b1e1a	k__Fungi;p__Basidiomycota	0.7336332190493557
eb3c74f24c8f11a1b11e13b1d73cdd0b	k__Fungi	0.9680171424606625
c791d3e070a97775c2d9493fb0807fa3	k__Fungi	0.9320539589272796
74772b9e464eef8c87a35a1cea378db6	k__Fungi	0.9765838816089987
0657e52f3b632ddce2d1aad5c16e5f7e	k__Fungi	0.9948992863273421
6c23568301f59a873aa3db33cd45b62e	k__Fungi	0.9291857611676388
fd131ab7493f90f62424dfc0e3b967a3	k__Fungi	0.9347692481397574
68b7c9d7fbc84363c41ce71b51c56ef0	k__Fungi	0.9865785709034228
5ced44356cbc58366840f76499cef73a	k__Fungi	0.8923708136050038
506641585205c115b3bd589d64aaf057	k__Fungi	0.9350646691312858
76a0ddecc720485e63bfdb804eba7d14	k__Fungi	0.8713562822287584
5ac538f4979fd00da4ae610b2cbb5fd9	k__Fungi	0.9702671785515842
6200bba34548677cda87f054303daf7f	k__Fungi	0.8633668977312231
9fe267ea0f99bd46dda63e175d5627df	k__Fungi	0.9850423158490177
e42a3325422e8a0299731f8098bf7c65	k__Fungi	0.9635602455065874
54e0d8b2a31eb1f6d9c3afd0baf3c48f	k__Fungi	0.9747071680114274
650b1e5873fe68cb3986f7c10dc0c91a	k__Fungi	0.9351508469748173
7a4977be835b260650db523f4055a236	k__Fungi	0.9756900935022826
e6ece5f95ff8840d67f31ec0b9e1ecc7	k__Fungi	0.9425816522442536
1e0acf2218fd416b78776b302940d074	k__Fungi	0.851404660516387
9e9dc22e69e7d52e2908f8629b56f5cf	k__Fungi	0.8157313156348698
8ef23f48045f78fff543264ff0afd659	k__Fungi	0.9311724065900777
2deb477a390150cfcc894bca797f3750	k__Fungi	0.9039774130038019
1c7f945a2d946443e58ed524a2705c38	k__Fungi	0.8943352464963668
894a83cc1190303ba8ba9a4a8f3d8fa4	k__Fungi	0.9941643177321051
2a1687bba0fc962e4d73402e9f9c244d	k__Fungi	0.9864595839872186
6aa1ad8cf819fa017abb14665063f198	k__Fungi	0.9592717346033582
141f1797f2efc4ea91eb77264cfcc0ae	k__Fungi	0.9730448558905851
418a2d25a80ff9339e0a0b3c9fb5076e	k__Fungi	0.9708161621696487
5b8f8cc35115067036839da4d71c60e3	k__Fungi	0.8738771239428434
c738e1fb905244fd6d352d7855caebc3	k__Fungi	0.8127769209322112
c18e4250f42385c7343cb29c0828af0b	k__Fungi	0.9941546559150054
cc44ab17a1ec9d14220a2662c65bb366	k__Fungi	0.9553243441016634
4f2a39ff50da17c318bb119b3e4efdae	k__Fungi	0.898715455209763
2ab819b3a77afd643223d8f956ed7c75	k__Fungi	0.9352078535260664
4df8bb6fc3353b4752bc4d98df1fe198	k__Fungi	0.9614935186480102
e1668f776a6278bdccd312b437fed11e	k__Fungi	0.9862610026843874
77fe84dcd1eed5b4c71db0a5baff0c98	k__Fungi	0.9874119895274845
d65e99dc7df1b88977bcf0694417bb5c	k__Fungi	0.9934715076107814
d9c686ab3485fd20949d4da1a4b8a5bb	k__Fungi	0.9440430979569929
a1bb676335debce40634924b68e1fb2d	k__Fungi	0.9637795419696342
d666bcb86e7a126c5791dc29f7de9fca	k__Fungi	0.9241167814991696
83268b0ddd4499cdb373187715546904	k__Fungi	0.9061929987259916
ab1ed4da119efa8efed58a764884d4fe	k__Fungi	0.9824152103586453
447d562b90bdd5464ce6888be0bcade1	k__Fungi	0.8884483136688849
d9c672587706ef9cd7ad3730900a389a	k__Fungi	0.9822542777864048
a01a5f54a3ab239e7b8e825801655b80	k__Fungi	0.8263000233085278
a2a5c118ccde46867bf1f0752f8e3dae	k__Fungi	0.9921679304589884
b209fa3fbe76e03dac2d389469a0d73d	k__Fungi	0.949725912445486
552381b7413d223603928c932b3fd4b2	k__Fungi	0.8778095306789573
38d84ea376592cc0e51e3611950c93b2	k__Fungi	0.998506527489993
d10a6c2ea8503d3761eb0c51a1344292	k__Fungi	0.969102277836021
80aa62f3f5707b3fb86c9e7b61df10c6	k__Fungi	0.9928681401801981
85e8770a027e9058479bbaa80197e3b5	k__Fungi	0.963714215785465
6c12465b6d7c603c01dab4acb7a067f1	k__Fungi	0.892760535871817
c31b29cf51d7386b8c59fd47a68ea93f	k__Fungi	0.9853156030089836
43ffa1250444f902b717a129e35ff0c7	k__Fungi	0.9902902486327355
266357ed04138236d66c195d1787dcbf	Unassigned	0.8101113382364221
ce6640a7b7e6193e1b7dd3bfb93d686b	k__Fungi	0.996043334947699
e6d7250fe04badc491b1d211b0ee585b	Unassigned	0.6746699005321019
20b5f62e2ae16902f96a5aac0b50bc88	k__Fungi	0.9533489155554722
95aa5a1918e2ef5f6ebe29f356f4b9bd	k__Fungi	0.9788309857002719
f7535dbe8060f78c640b01de83f38720	k__Fungi	0.8420905397528728
e3e7230d5f689c50cd8838afaad7c451	k__Fungi	0.9652535862422684
2bc063e8fefbfe405879bf69fc0b70f2	k__Fungi	0.9853139121170604
a92122be57adc304eab11418db93fbae	k__Fungi	0.9618955487872147
da97b3dc835882158eae766986974fb2	k__Fungi	0.9821993977234992
6562ba87434916c98c1b334b9f65b0d1	k__Fungi	0.9111339469653336
31ae4c5aceec8a126dd36984c69d5ace	k__Fungi	0.9926403822148074
d1cfba74fd9cbacb63a2b183616a5415	k__Fungi;p__Basidiomycota;c__Agaricomycetes	0.7520546349217418
7d37b1dc697fd09e88bd626411a970db	k__Fungi	0.9229549465318525
520b567459453a70acbeb8b90508fd5e	k__Fungi	0.9384985408241594
a28f19ed8a4c5276ba9bcb9588b503c5	Unassigned	0.8749671680405053
a38a011c5026aaced1a3f319142b7a58	k__Fungi	0.9831111302712999
d6b0203dd6eb31e21e1b8bdf0b21c173	k__Fungi	0.849191342461972
328acedf68f39d95f88223c39ed4aea8	k__Fungi	0.856493191276277
51ac336d9e52cb5fb6a34043d4ef4327	k__Fungi	0.9688397279700937
02bf8076a79a385c2e7e0f13b0fdf80a	k__Fungi	0.9090654649042986
a3808703b39b13079254cde06b6ff037	k__Fungi	0.9186500223185393
b5d19a52f5cf498b5b89f5b9b040cff1	k__Fungi	0.9973723925312721
c2970dc6d8c83dbdb7b5387919163d40	k__Fungi	0.9381185473772528
ac6bc4cb81767b34e41b1fa74ea0dba7	k__Fungi	0.9409875464714579
2e649d855babe5a2964c9be31c7f22dc	k__Fungi	0.9956419146911919
61fa1a8ed5c4a2e57feb4e63dd9db23f	k__Fungi	0.9346274147361809
8fba17fb3b4c1faa288bdfc594f6d996	k__Fungi	0.980882855350874
140de12ca62d5c232762f88cb5603366	k__Fungi	0.996323566467255
64ef75357455f1f2808a590d8b0a607a	k__Fungi	0.889351975139931
379c1e049bdb40d7cfcd79c6f084849d	k__Fungi	0.9923150858347236
3146802b08d69220e26e4a3b97636cd6	k__Fungi	0.96401641597614
b1107eaee02477b85e402e382456d63a	k__Fungi	0.9789489616284579
198b20bd5ae72b04ac9c9e123ce10f27	k__Fungi	0.76743370396983
37139e433822fb43343451f001106e01	k__Fungi	0.9717224478848153
e5b47b41a8cca127ef4fda982ea155bd	Unassigned	0.7479324597616045
d374989d5b3e9f1fa5062151610ea417	k__Fungi	0.9345035907472931
f76a5bc6b63c5215dfa2372f9b9300e3	k__Fungi	0.981899569172533
200bc81a835b97de1539c8235f475dec	k__Fungi	0.9798500915491135
e7461f389919ed46d938e798d4b9602e	k__Fungi	0.9938108798166612
dcbbdc879f5d7f1734d3f0688316a734	k__Fungi	0.978273967469806
ca1d621f9f0771d555352fbaf18cc90a	k__Fungi	0.9715461881253327
b842a6e21c6c565b4848890f16debfa6	k__Fungi	0.8687034931363103
19a067a94b4774ae8bea5063db62a5ca	k__Fungi	0.9122569093239818
07c53a9f6bc84d12d8f130b400703758	k__Fungi	0.8358843087206129
1d5dfa55866e3c683009d7438aaacc29	k__Fungi	0.9833689532568664
fddb614cd0563b82acc93626a751f239	k__Fungi	0.9538812181653774
52602ee4f3e6c0fc59e730551d653257	k__Fungi	0.9941893218383037
278566ff2ed84734daaec5542e9d7730	k__Fungi	0.9136237732074868
20ed4d7f618c534b773cd7fd5d96c03c	k__Fungi	0.8788073347175192
fab8f56071b0d614ed35d00b04cd8454	k__Fungi	0.9450178124687305
4168abea82210569fa12f554bda36d59	k__Fungi	0.8761278275644067
8e6dd99a2281b121f7e690a2a020df4e	k__Fungi	0.860783808167322
4d0791c664b8916a362d453ff946e195	k__Fungi	0.9760142147427462
2f5607eb9fa260970bcdc5ff31f02e08	k__Fungi	0.9004306957296913
c9f4d256ffd9ce35337d5583ecac2546	k__Fungi	0.9846818520397208
65a4b5ea2e8149ef4058abffd3e43c72	k__Fungi	0.9568160928878341
dc8bfa13379367e5b1bc288efa214810	k__Fungi	0.9818159275230792
f123cd8b92769edccf2910e7dba5fc23	k__Fungi	0.9723780250879519
8fc130660ff5d39715e051d2adab3ff7	k__Fungi	0.9877960602080351
a628cfd408ac35fdb33a5d566653bb4c	k__Fungi	0.8707648459875361
b41834c97431fdc60354f0d13225b952	k__Fungi	0.937725244073017
f6f6632ed713423b0377c05189a7d120	k__Fungi	0.9920717945195962
92fd0bdf6afdf66afbfab736206ddd25	k__Fungi	0.9303657043844211
54ef7d5127edc9e768e230e438993dd7	k__Fungi	0.9832387983822679
ac56eb3655621dc0a640d4cfb1d8ba26	k__Fungi	0.9769962327649021
ca821a358f79732cfa6cbb996d640eeb	k__Fungi	0.9924430078806583
18214fcd0f2a7533d36dbd7a91343005	k__Fungi	0.9654348797811038
af0a50a98d11f878b58a37bc9f736d6a	k__Fungi	0.9777002474494518
130eda5df64c5afbc85b5478326b47ed	k__Fungi	0.956143271300665
24e1d8b952638e50018be93ccd630236	k__Fungi	0.9531426762471684
11c4009b58da7c220654b7650b82c016	k__Fungi	0.9710881570495855
4ecc44e74fa4eee2b91c6039626379f9	k__Fungi	0.9954640431459696
ee61e97f20a575e28d603acda6263fbc	k__Fungi	0.9918687435613947
aae5f6b7f2ce7a37f4e4a9b1ba7c6236	k__Fungi	0.9296841592399303
a3d19876a26ec96baaa05b4098ed3c22	k__Fungi	0.9068543900304533
7457976047768dc19764ef0736fc782b	k__Fungi	0.9576384024301114
6262aa9ba2807934b7603772b9f6ace3	k__Fungi	0.9943869508052834
cc74d6b462b6b38b10f3af3af4b0d5dc	k__Fungi	0.9294046914120354
de91a5ef635665fa8e0738a95f2909d6	k__Fungi	0.9083927336444879
9d4ba4fa5be27d684ac6a851057e7021	k__Fungi	0.9666267121808021
70916a6e1bd0e2796ae4602f1a5947d1	k__Fungi	0.8858380728294961
792d80951eebb82f7c1fa9fd14dbaaa1	k__Fungi	0.9251343195989206
4138c3cc8d7107d8981331fa78370914	k__Fungi	0.9974073758342314
6e78cdeb7507da46b95c946e53d2ae7e	k__Fungi	0.939530524516524
94a5f153a6967ebce49fc83e5dfe5144	k__Fungi	0.9380068624852747
368bf3eb76f50d43e5b39dc5edd017d3	k__Fungi	0.9461449706463503
d86c1e52404f45fbc8fe4e2dd08cbf0b	Unassigned	0.6781160044227768
18e124303f78f4c9c19a369ddba343d1	k__Fungi	0.9783765977120964
e818c481b3faa65d61226590cf446ae2	k__Fungi	0.9972479819251148
36829c1f2d35f7d24c50a9628783f965	k__Fungi	0.9950056840168957
c9924007964db7ed321923218603c777	k__Fungi	0.8936858028659349
886d3b53a535eae675bb66ab71d76708	k__Fungi	0.9899400839107075
242c4bfdc8b1780c93ab9eb6f16f0d0f	k__Fungi	0.8156864575305525
2dbdbee86392062000b311bddafc472d	k__Fungi	0.9631284066551409
318cf4b07986c65e428f9c37ad23ef6f	k__Fungi	0.9240432912089542
857ee5df844e91ef8ab0c059b84d35c3	k__Fungi	0.9456952361829001
df4668f26e9405649b5fd84cc9a33fca	k__Fungi	0.989427380742305
f989a42af1906f361a2fd8e9b82d64de	k__Fungi	0.9286974110795763
de54540042bd7100950e81f853cc10b0	k__Fungi;p__Basidiomycota	0.7609904347635538
b448ff2053a5cdb795b37e2e20399454	k__Fungi	0.972071979139584
02ad264477faca4b53bb91d71509d0ed	k__Fungi	0.8970951941549643
4544abb9916432f8bcaf71dde20d095e	k__Fungi	0.9267425801262905
ac894f56807bd58f9efb5cf2e19ea442	k__Fungi	0.9806002326491952
3bb204220cdc60e7f18d01ae3c79dbe1	k__Fungi	0.9980149169114324
d9cf8721c7e186516758380d8470a755	k__Fungi	0.9721830453097552
3619cbb70f0d5705798471d91ac5359a	k__Fungi	0.9813694250798388
3218bdd5ea830377ec9341c6fffced7e	k__Fungi	0.9205893814321233
54fe20c8e35fd6de4564a958d7049ee0	k__Fungi	0.9617598859283096
76aa14172ec4a01c9f2b92ddfe668b8f	k__Fungi	0.9861020669322134
4f7022b3010bf131da380a1008bd0c59	k__Fungi	0.9954865357740332
36b8b2b379d715436d3c70907b23dc49	k__Fungi	0.950162910896857
15a62bc21751fa57f00ababb76844125	k__Fungi	0.9968336004349938
baac670cbfc45b7c267d3abf1c87209e	k__Fungi	0.9355703665414505
74bbf313afde01c10537abab1fcfd30d	k__Fungi;p__Basidiomycota	0.7291859567678038
dadfd65346ec627706980daeeb6b0953	k__Fungi	0.9509471622141542
4e5fa03542508199f01dc4efdd811339	k__Fungi	0.9196836733737509
08d847f05181e566ac6eb567887ca3f5	k__Fungi	0.9923694163823191
c384071d53ca5bd8c21a4b501811ed5b	k__Fungi	0.8871706530290709
af0a68ed86c415da00da774fd0af5a46	k__Fungi	0.9481549070557258
9b7a48100cd762dfa0c7e50413b4edcb	k__Fungi	0.9778688562657989
fa613c94ed1254bc5d9881011b1131fe	k__Fungi	0.9834883875859066
89e52a1dcd1d028287e0d9f7222500ba	k__Fungi	0.9755583247592221
4c35c29dd1393afcf9d17dd1226990f5	k__Fungi	0.8949740314891959
5e95bc0b9fc511d6a3ba187026e484bc	k__Fungi	0.9383319312481591
75080dace7f415594683f706b2c8abc9	k__Fungi	0.9944797713916621
7f8227bc450636c5ee6caf2c14ea3146	k__Fungi	0.9972666773625324
4678c0198f3754cfacb8d16cb8ad1b67	Unassigned	0.7673577288257988
a72cb6348a596ebd08d350219d862556	k__Fungi	0.9602851935295635
b248002b15c8035fdd37cbc63d2533de	k__Fungi	0.9717659657200827
89e38e624a768f2449b64f70b30af802	k__Fungi	0.9705416897144179
f48530cdc88b27ffd2988e739d560c07	k__Fungi	0.9749209062291045
21a7f5636ef9c27234ac5233ee398f2b	k__Fungi	0.9933531166123364
32bc7efecc732811a8005118c308d24b	k__Fungi	0.9741872145078743
d697718c19d227f66226fe175ccb09a6	k__Fungi	0.8798005463848102
d814e2196f77bec913aa4d53072cc33f	k__Fungi	0.8581780357914315
347bb6f5705486351e545925007dedfd	k__Fungi	0.9831782640268529
eb955bd61d361f91f7a81d5780ce4a88	k__Fungi	0.9975767918014498
88935db7688aaf491502cc3e44f14f31	k__Fungi	0.8732185287801131
993180693b0ac361c0922a9988210306	k__Fungi	0.9799258641479186
06510621dd1951b93fcc550518c8944e	Unassigned	0.7718263365476825
d7ab5731290afa9080d6288fec86e124	k__Fungi	0.9935039024126667
fc39a203af23fd26e2f15a2b99044a09	k__Fungi	0.987022330039531
22c55d006f36c137e4f00a009a6627fe	k__Fungi	0.9540594501042384
bb19dd049929d88a7c270df91c5c5822	k__Fungi	0.9787578058379574
2126739760ae22e70198882566df78a0	k__Fungi	0.9836470867710626
ff5ba509976e67a74d4cdeb93db223a3	k__Fungi	0.9910949916609716
b2328409960c161f86a002604a3e7fa0	k__Fungi;p__Basidiomycota	0.7392932277656101
7d20a2ae0f6f86ff6e35271c280d4eb7	k__Fungi	0.90138703535612
25f9c68e41191d25e7253c4fd0984419	k__Fungi	0.9654100893794074
4d936e4ce150c29b7d3f635b4b02133d	k__Fungi	0.9524750759321389
21f2f8374cc66b61bef81e63cf7656fc	Unassigned	0.8362183137947329
02c123d1175ed7e78a2d50409e4bb8ca	k__Fungi	0.9816225301581244
e09bab2f38d5ca7dc1ab7054ee5a0185	k__Fungi	0.9378448798670855
2d9a1bbd3ff19b2a809bb8a7a927013b	k__Fungi	0.8276182640216224
40faf413372a6d08e3e2fd1ee57c882b	k__Fungi	0.9595052495213536
239713d3f00f3b5998d5e327751b39cb	k__Fungi	0.9923119608304483
ee90c5c66cfcf24fc7e5228474e0e25a	k__Fungi	0.8391218434024544
b821064c153f5b924c2416cad2be391c	k__Fungi	0.9188363314507783
883cccc6e6b22f485fc38fcfca91f9ab	Unassigned	0.6509823543987276
33e3be909e28b8595e91d4083cc165d9	Unassigned	0.6818482440520263
6e0db1d925d63732c7861a40e1d8c166	k__Fungi	0.9909304107515697
eaca9d8c941dafb1a69c3210727cd710	k__Fungi	0.9818370284098443
c876b27732c92375de41a9a7959c192e	k__Fungi	0.8945148771708576
39d84d231d67ff93026eba58ba51038b	k__Fungi;p__Basidiomycota;c__Agaricomycetes	0.7037224948058913
4e3ae4595ed0ee89ca9942db3cebbab0	k__Fungi	0.9664663024136738
241badf53c53c60570e54c9806019219	k__Fungi	0.9598383128526737
cfc6dcc7dfa4039325145716d8d14898	k__Fungi	0.9904876823158724
60a7fa37cc49947244084c9e2e286ca9	k__Fungi	0.977305343254653
5b19116739165f95817243236a3ac2e1	k__Fungi	0.977309696933247
3b0c2b1cd1cd95349513cdb109afc1c9	k__Fungi	0.9835370798263192
9a6f4031f3dcb70b67e269f882a91e66	k__Fungi	0.9779409232275352
5b35e5ad8e0afb6ceed9aaf8e52f17be	k__Fungi	0.9822687485209736
bd80d7d63cb616e7a70769002d78a86b	k__Fungi	0.9004718301838519
3a1ab092a017b5016e403d9cadb1ef3b	k__Fungi	0.9933085510354449
2454cc863e6ed0a7084ca69889589c2d	k__Fungi	0.942029343657814
1d76e97bc88a38d6e9fa41edf79b3107	k__Fungi	0.964347615735271
043178166b63df25f87711b79cbf0872	k__Fungi	0.964198978367331
01c07c5558c0b3df559a60e9ffc39bbc	k__Fungi	0.9565483613310539
b5a09c0b6a59be71adf1c8b3ad154cbf	k__Fungi	0.9963850999770029
5b403e8a967764c6dd227c397d045360	k__Fungi	0.9169107707587972
f61d067f7c526563d8a54cc046ad690f	k__Fungi	0.9920865822888285
2431b4d462ea5421ba3a7e6c8e6143e3	k__Fungi	0.8663910456131849
ef986f3dc0bfeeffddc5f24e806971b9	k__Fungi	0.9825277885533479
490ffb3527c5bf5d44bd905ed92cf05c	k__Fungi	0.9855415982311052
7b3a21aa44e5f9f8b9884813caea18aa	k__Fungi	0.9422657732578609
b9e0e22565ea267c12d594f5b40e54a6	k__Fungi	0.9924051899468234
aa5a293937d9814034e71086263fcebe	k__Fungi	0.9698302355199769
130d25e6f9f54fae88a52a80d20737a6	Unassigned	0.652556361857314
1f7d5600c9230d0e1ea85bc9618a8226	k__Fungi	0.9975922942951063
aea2d78daef735719f2000c818214848	k__Fungi	0.9779877067537369
02bdc5ab2a45bad58deeb7125dc7c596	k__Fungi	0.9773167851680309
b3a22cf7ef31610502568f2b46624eec	k__Fungi	0.9719846775702284
5e20ed850685865357acb9e148e29f21	k__Fungi	0.9900577432778608
aa15ca4eb47feba5bf4736c99526b7f8	k__Fungi	0.9918822391039126
212945ab6ebdf4f9977b1cfd20462504	k__Fungi	0.9797335650762102
e1d7fc2b3e90392517a3d6dfa40e1b13	k__Fungi	0.9681883246676046
db5280626887a6d764055a621d165029	k__Fungi	0.9027468093119337
2684962b0fbcc5f67cd8bc9b0ee43918	k__Fungi	0.9379082344771077
f478f215f358fe3dea662e3dd7526900	k__Fungi	0.9178331004591744
21ec8b1ea11690eff7984f7a20a1c56c	Unassigned	0.818948753370808
e059465503889539b7fd0c36d800a20d	k__Fungi	0.9614027135996176
4d9b47922dc3b53a2855c7755435cfe0	k__Fungi	0.9947619513038324
5ad3c8ebe2936e8b46ed76d8e023527f	k__Fungi	0.9818319787974823
6aec79e58fae425129533fb99a458d62	Unassigned	0.6832419867196464
f473464028cf7dd3cb3769b2cb9c8df3	k__Fungi	0.9881246143154594
f584cfe3ea8aeaead14ac2ff890de651	k__Fungi	0.9650964522729246
13153925fc398268ae576195f62749b3	k__Fungi	0.9291896637647654
6b3219e7f352080aeb4f9abd7decd14d	k__Fungi	0.9779756192214922
e96d69c416ee9a3ad0a006c1170f7b85	k__Fungi	0.9935683930693915
6cc85217ecefedfc4e775ea5b07b2fb3	k__Fungi	0.8980399431077734
e7f4bb20a80238351c21ba21714f280c	k__Fungi	0.9972388896593012
bb0ebe53920fbb7128303dd09ae0ee2b	k__Fungi	0.9937550786159984
fff2abb08199c2666aa5033cb3dbe352	k__Fungi	0.9794464165343647
5abeabe91ccd3dc3363482fd406d2776	k__Fungi	0.9561648055649888
88eca70553e84403b583dfa5bea55688	k__Fungi	0.9665993837224016
d717606852ee904f02ade116769af6ea	k__Fungi	0.9951374847996839
0bb1475d25ebe8c22d9fcf4140124e41	k__Fungi	0.9617886304151274
b479bf8373e7600e6954434060f6ba37	k__Fungi	0.9117065326965501
be0d0776ede1bc084327fd460c4057f9	k__Fungi	0.980039830090551
487d01ec6bf8dedcb551aea8ac245995	k__Fungi	0.906924254365126
d154db97c461718af7025cfdec7d81f4	k__Fungi	0.9495769405940278
ae57b50a13b6cea3a28eaab003e39180	k__Fungi	0.9690049053681455
d851258e93cd83cdee8d02166d8e6367	k__Fungi	0.7611513837163684
aee5de1f0a79c7ff6ed3207a53391e98	k__Fungi	0.9079504125712161
da24d9d4112205e44b5dda07fa679a5a	k__Fungi	0.90740623822127
786bd27a5db5f6db7f5083bc092010af	k__Fungi	0.9966796280116073
7fb7369fa8945bb32cd226c509d8b00d	k__Fungi	0.9854086181059998
84dbdbb78dc45e39e143eb5296e9721f	k__Fungi	0.9851904938444475
92d54fd4cab94a409d774d469414474f	k__Fungi	0.9951914103106634
41a25a24ce294a59db8bfcbc1ddf9987	k__Fungi	0.8066491875839967
b792bc6f912b86caa411d89a053308b6	Unassigned	0.6334920967861417
56a934c89c8809181c1371c1df2727e6	k__Fungi	0.9952287518962074
a1d257cf3643b0c23efb8f3a5533ac8d	Unassigned	0.7201528665777797
f3f07d0e00acbcb6980ddd111351ad82	k__Fungi	0.9242218301139138
a73f10fcd962b75e6769ccda0c20313b	k__Fungi	0.9930094993876202
5f6a323ff369d7f2657fb91a6b08d165	k__Fungi	0.9118476787333829
0268c80011ec952ffac9dc0f5be791fc	k__Fungi	0.9851955829997577
39131fa2b55d20d13e44679c2c637aca	k__Fungi	0.9814754844249514
c0dea0c22b4495fabc8a252d6c0cc4f6	k__Fungi	0.8342656448060414
e6f9a6608aa5e681f01247485c6a5f70	k__Fungi	0.9797753902101298
bd9fe79e3e2b259da905d8215d82abfc	k__Fungi	0.8939520552334033
4bee3be12ab3f633dfb16b9612993cd2	k__Fungi	0.9717816697270406
693322b1699e5bb073819b5bdfff0d61	k__Fungi	0.86649915759716
a7ba60bfcb82c58a6ee2644ee9f23b6b	k__Fungi	0.9454389510234187
d3668f90d1e937c6e231c39e189cb693	k__Fungi	0.9844079101385865
f060b881a1b446545d5568399d0a8dfd	k__Fungi	0.9808994661522892
2e49471da434a7c98d464f5ace40902a	k__Fungi	0.9796066505510391
8f97275f8007b6acd6146848ff4baebe	k__Fungi	0.9846020543467023
c4b8e55e174eaa37778d4015d9716638	k__Fungi	0.9966611553690337
81145c2aaa38ad58907de16b0f8cc762	k__Fungi	0.9582457766759881
318b613a4366095f2bd584bbe5014f59	Unassigned	0.7256023877147412
106acea3598f9716546b8bc234d30cf1	k__Fungi	0.9894232958324507
8003ffa3ea741db6ee696c141185dc7c	k__Fungi	0.9734165056712103
95c7aa5e52352ef9c696956511d76957	k__Fungi	0.9910757293477745
727c04c8c2a264d9a4c74bdb8855bf9e	k__Fungi	0.9488656468009127
04be202fe308fbc80679ac11f7136cdd	k__Fungi	0.8567825083524105
1a3caefee4973722b14081b985e3961b	k__Fungi	0.9080925551237848
7fe49eb7c1e6c7703d5d4bfaa8d7b904	k__Fungi	0.969410564600991
7c79b6b7cf3fd0bed9e95b4b78c65bea	k__Fungi	0.9945250022349845
bf1ab3aec657fd27b032845a27aa2fea	k__Fungi	0.9642696210347459
c5441e4487fa3686eab35d98d4497521	k__Fungi	0.9677565326142294
e77b6fcc1b9bdeaca473c19eb4524f27	k__Fungi	0.9125726342838341
3db29a0719a4dea890095b4ba24aef55	k__Fungi	0.955418930883193
68d552094e8937fa0c54e40130bcd750	k__Fungi	0.9874805233015024
f16c9d8c9ea8bfa7b1d0951f92517c3b	k__Fungi	0.9404530828498106
670c5641239f434d185d47675cac3b97	k__Fungi	0.8040529031090622
22f6d5d084493820bf2e9b06b947fa65	k__Fungi	0.9966679718040397
62b829f8c939bf8525c6d85db36a3af5	k__Fungi	0.982346442750065
87a013bb2c8fe829cd8a9e3297e02ec6	k__Fungi	0.9793293942749692
10b0e7578d27b36685e2e34d4d56b258	k__Fungi	0.9962670090485124
0a118bd6209e46a836fe1a9f2b366338	k__Fungi;p__Basidiomycota	0.7215104042691085
0a1035c109ccfedabd3ab99b366e6732	k__Fungi	0.9791470848897368
d46f31d9118574fb682230626b419af2	k__Fungi	0.9853813449606061
a3da643abccb84a770b6719f141989db	k__Fungi	0.8894033474294787
fca76b510d56f4f0a5c9e19f7d28ad0a	k__Fungi	0.9783085267305546
acea9376692f3c321d2bf4e02041dc76	k__Fungi	0.9867445499603729
abd3bf6c230fd0afad7465a79a839fc4	k__Fungi	0.9966454731936474
f383329da19aadb935e880563e004c0f	k__Fungi	0.9925162154724657
e308423eac62ccbd4784da130ad5d809	k__Fungi	0.8994994494264041
ecfd5fc9ed0150d62b0fd94d154739ff	k__Fungi	0.9640851916803471
f64c0543952bba9215f427df7979bd17	k__Fungi	0.9364675041251244
6e46a16c2a718288cb9946b5a27b985d	k__Fungi	0.8994603697169443
f92f583ae61d0cfe4f45f62fcbfbaaab	k__Fungi	0.9722615057294726
9ff747b91d6cf1099904b30bc1b4894e	k__Fungi	0.9604820021761065
f0ed1bbe596a41103aa756baed6395f2	k__Fungi	0.9950248608918271
a31ae1624c4ab355b128cf6c458fb396	k__Fungi	0.9897512150785182
7c67bb7ea63f871ae0e902c74de42012	k__Fungi	0.9984931409887651
4c97b7b1c7a32531d8b4e41f8614c0b6	k__Fungi	0.976879594111061
4f48a84645e1c4c43f9c22c3cab26302	k__Fungi	0.9831230283418533
622dc269272d159d95c5760e2807acbd	k__Fungi	0.977798248283607
d942590bb7b9cac596b8e0ef70f3d066	k__Fungi;p__Basidiomycota	0.7095060824284565
a1fdd5ef9f3c48b2ed788a6ff94e9811	k__Fungi	0.9888252533067621
1810e56ce7415403d3edf989344a81f6	k__Fungi	0.9533428819471852
0a09fc1659c78c770177331cc147d26d	k__Fungi	0.9236286813407064
0a884ff4ee5fceb8d53513e77f5095dc	Unassigned	0.6588567770641516
934c9fa3b275410defa88cf7ae39cc71	k__Fungi	0.7875659518495179
7fba0901984a8f19e3c5d37b74b43651	k__Fungi	0.9665609610782846
3edaafc2c82f3c7759a345ab37987408	k__Fungi	0.942762495998305
7bf4ceb9eeed24428e6567977ff0282f	k__Fungi	0.9726819813589342
ed7bcbae9dbfc2286347a7f4ff84b02b	k__Fungi	0.9933742336295812
e02f6060c5eddc138db6ef104e1e6348	k__Fungi	0.9089119682885487
15675fb34e6e601a08d9867c93bd0eee	k__Fungi	0.9816949868270726
f4cf3d24f07a1595c0122e6caf4f0baf	k__Fungi	0.8734478411457884
0a9ead5595d41b82e617958a0d1a8e4d	k__Fungi	0.9915703357852838
6a3b7ffa0cae650dfe423180069f86db	k__Fungi	0.9932589828972702
f5fb5d8c050f8f8021df1ac6e6f086cf	k__Fungi	0.974388006584657
6a85ba880bcae747a97ff6a6e9d8a1d6	k__Fungi	0.8193366406944226
e637764e3ed8de9020008b7de371f768	k__Fungi	0.9711540627106583
b45c76cebec276389e14e5452bd7b7f0	k__Fungi	0.9781739214410567
08640c717e8e7447b971ddb9a4e82ef4	k__Fungi	0.9705901001547296
43b7f90f8735d8084804fff287fee6f6	k__Fungi	0.9269467228452517
d3897b1295bec168ba76ce8a35bf27f1	k__Fungi	0.9781916789106457
e5d50ef63b4c31d73af513a8d72997f4	k__Fungi	0.9915643892885877
7e55f48702d7386ba2b402db9ecd229d	k__Fungi	0.976762865972791
b3fe461ad6d2c4be6c400e8ed125f847	k__Fungi	0.9670808241078366
9b8b68fd24c6b9f270c8216525bc2ba9	k__Fungi	0.956957934152616
e7804f299eb0a4fd7e16bfdaae6dec11	k__Fungi	0.9948696099514891
2efacb9e24b839ba0ac3d0a4fbcec1b7	k__Fungi	0.9899513506647831
224f4638cc459b77a2913cc0d51127c4	k__Fungi	0.9127734652416434
88f365a4c0c0be73c03d21d4cf560b22	k__Fungi	0.8657898005380343
39dc78ec4c79ce2c9efd86508c8c461c	k__Fungi	0.9472884261475315
3a3a11e6651ff5bc0c0de5f397a6fb26	k__Fungi	0.8897383522999422
be6c99b5b8fa7f11e5198099c9452212	Unassigned	0.6403026099323754
290ca716cfe6dd6868640fbbec55f31e	k__Fungi	0.9189355664533716
ee13384b44615ec01b9085e91d26c314	k__Fungi	0.9774543069487662
91b287a3a2253a0ea0a1b573ed125ee0	k__Fungi	0.9913703592932156
ff4a8268c2b7f34c16600d21bd0363a5	k__Fungi	0.9949466517069454
63ee047e051bd70ccd7e4e7fd8bcee23	k__Fungi	0.990397624649171
c0d7efe54c1bef5b2683065abbbce022	k__Fungi	0.9895778922586457
fe824c1963b26df0c0fc1d1b56690f3f	k__Fungi	0.99579143572932
9435003069fb1c9b31021ae2843b3aa6	k__Fungi	0.9937869480843
b7162933ce03a694a27084065db7ba96	k__Fungi	0.890373836029658
b3955b714d0ca1174e1ee80c89cb1bbd	k__Fungi	0.9805501835040483
a6c912bc1caaaf1898121f86d8cec3de	k__Fungi	0.973157934017856
460950692cc5bc1185cbc7d3aff3e474	k__Fungi	0.9967238762223016
abe02b5e284776dae11a4ced1ecfad2d	k__Fungi	0.9545796944549443
54dd17e7579235b3caccb0c7278aed2a	k__Fungi	0.9817320127392144
8355822c90df28f30fd1f269a0aa595c	k__Fungi	0.9832804930142887
591186b4811a2421af888912dec56554	Unassigned	0.6216167272881641
8756f56782ef00058723699550bb6dce	k__Fungi	0.8890360024653283
3d3d6316fdf3baf822f344e61f950716	k__Fungi	0.9550057518040138
fd63faa4047f0da607e16e84ab9d9c18	k__Fungi	0.9727308998438708
00b575a8965dbe8a4ea182136241ab33	k__Fungi	0.9727840769273846
0f24477394472fe265e52a2755324c07	k__Fungi	0.9831886331148272
512181b4be58bd05b8211292f554fa6a	k__Fungi	0.9757062734969969
2f19fca941d19786bfade67c74a63e20	k__Fungi	0.9408903342308147
39c1c23d1418e19f8e0a6f28789ce0be	Unassigned	0.6903935882475467
dde3380961ffcbbf4fcb02c746d8d7cd	k__Fungi	0.9912593388144516
2aef08c43cf57b799eba77d6e258abd3	k__Fungi	0.8757541460947137
cbaa61b4b6bccdcfa6ed45d49822f5c5	Unassigned	0.7008134356516662
6928c40e2b2562c46f8eaad5af96468f	k__Fungi	0.9936878818331002
f3ad821485714ec45ec0f018efbd4eef	k__Fungi	0.9626231392232474
3453ee50f7d16e09b42d0e948f0fb971	k__Fungi	0.9955609355787762
dbbf4ce59db4be720efe0ade746dae8d	k__Fungi	0.962627392886017
1eb95db791dd298e966dad134c43ce89	Unassigned	0.8393561445830817
ff535c0082d7162b7d67bd852ad02ea6	k__Fungi	0.9539352224518509
ebf4a576b7ae156ba9348d7d96fe5135	k__Fungi	0.9969781085503837
b7a1c92bbbe8655cbd3ec85c27ad3f18	k__Fungi	0.9867459489198533
c2bbda340daf4828bfe48603eef24ac6	k__Fungi	0.7177240404484476
0bc9230a2866ebf3dc979c11061986cb	k__Fungi	0.9773585481253213
5148d7f3916cccd39640d5ecd13a7df6	k__Fungi	0.9413463021920928
4235937b939e86b8a0983bd06b9e8fee	k__Fungi	0.9348831241504462
1aa1139daf9711f480e16c1b6bc67037	k__Fungi	0.8637675232395233
9a1e465938a365824aa2a9ede3cbcff5	k__Fungi	0.9918367493566718
6e2bee02d8fbc186d1263b4e405d286f	k__Fungi	0.9936680087049593
fbfdc5d51080b3d608e39c80d496d37d	k__Fungi	0.9942666460173073
2d4eebc04495613aff2f9fb511500cdd	k__Fungi	0.8158053539222585
e8eb11c170d21bf59fc2b945909c373c	k__Fungi	0.9084064608045777
0167fc773c0ac7c1bcdbaf2750019829	k__Fungi	0.898908308116162
4950306863da64ef508fc5440c9bc907	k__Fungi	0.9676607915610957
e3e4c4e42078d7ed50349d4213661b23	k__Fungi	0.9944099981451913
a342424603dd052aaa1e272f6daa79ea	k__Fungi	0.938979480463513
eb4e70c1e10dd0dde3cdf6ae1c407d83	k__Fungi	0.986410393592501
5bd2de2b5761a8541e9e5bba0c3d2b9e	k__Fungi	0.9892726886849604
e0318f4afdf3bbfd1542620a11852ada	k__Fungi	0.9657152131598427
302d49d0ebc92b47ad61aca8f185d58f	k__Fungi	0.9927561814985634
34bf1c48241c45f3c3b6325209366fe9	k__Fungi	0.9929078353099212
c3fb558e6a851a089a76574685785af2	k__Fungi	0.9637565493518799
96c795ae55ddb8028ec04acdd4fb4725	k__Fungi	0.9487614099538796
49ec2824fb1381634c9fceeae2957ee8	k__Fungi	0.9784576828660758
26ca2de9cfeaa72fddfa82bda7b5f5c5	k__Fungi	0.9764437450619621
6034d5140651bed11b94c08ddeff471e	k__Fungi	0.9336132671208548
5ec39191728b8415a908bcbf1603f75c	k__Fungi	0.9304272439495191
c5e54984db579c67378a98444e130850	k__Fungi	0.9852250833361138
7b950ce522d5819f3d32f423a6f9df99	k__Fungi	0.9597563683490281
dfe3cd629caccd922cec97e2e505bd84	k__Fungi;p__Basidiomycota;c__Agaricomycetes	0.8085324217147332
e0c373906544a83e98f6b2c522e214ca	k__Fungi	0.984113560112063
535b5a5a5bfcfaa2bb69dcb80ee97840	k__Fungi	0.9788538995123119
a9076126367ed7a5a352eb2540956f71	Unassigned	0.800696694467931
5814286af40f943441863427814ef4d3	k__Fungi	0.9901007876231633
2d0b22ea7dff158919de77f478ba066f	Unassigned	0.8884280212889336
e6b1ac3e7e3e5d9fefcfda255037e017	k__Fungi	0.8594829609371777
6775f44b121457b64731d710410fbfa7	k__Fungi	0.9932273867651347
87501a78aa0222fd9e8010719f97e956	k__Fungi	0.9701351538260428
54a4d5d0ad54b0269048e21dd55658b3	Unassigned	0.6229466465044657
31db69a81955f2c9ecfdc39414a23745	k__Fungi	0.969125025639094
9e8ac72ed45ed3d2f7a7581c321e9b3f	k__Fungi	0.8772442850385103
43c357923db67131231b01bc5b903478	Unassigned	0.794981123957246
c031bbf1810c7b480687d1fba9fe0e8e	k__Fungi	0.9968620565186479
49f14874334199322f1f72a96d327d21	k__Fungi	0.9416872755820231
71c7257454257b34ab08b0501537607d	k__Fungi	0.9908596473188773
0774bd06c3359b6f9bf904ee6871b2c4	k__Fungi	0.9899251073369446
4ded748f383e956892ee88e4f368b161	k__Fungi	0.9813694893213433
1bd5ee88c07bce33d376aa924cc02b85	k__Fungi	0.9747661879463799
891a4f7c3b8f9c4b72bd179b8cef21d3	k__Fungi	0.9548574668335609
4cf8cd78eba13fcd89c8af4f465b4065	k__Fungi	0.9350789998526395
ee69629526285f94233bddeac8f1ddec	k__Fungi	0.9974609146994278
9284f64db0b7fb047750c3090e7ced10	k__Fungi	0.9785667235127354
cdc86f730321105c9ea3a39a5fbe32b0	Unassigned	0.8350753489515982
9e48f18afe508f1541a7e9c14a91a331	k__Fungi	0.9975769359920693
366ad3b94af37b97583205dffede2907	k__Fungi	0.9943668220715977
bae3f30d88af3bdaaed7a14c83ae8836	Unassigned	0.5260243035807891
fedbadd55f73b1bdb629d6981d7e1c15	k__Fungi	0.9130352716720311
e28d4f42d84b5b7e1ce73567ffa816a6	k__Fungi	0.8205999733572897
05b2d6d93863e013bc69f7872cb12b14	k__Fungi	0.9562095082641212
ead5c5fe2fd80d553212ef7eb03b1fcc	k__Fungi	0.9365953577736679
e1520b1711fa124752ff85dcfbb631da	k__Fungi	0.9307935070439854
0f6444bc2ea4191b674c672d595f59d2	Unassigned	0.3734441468506139
70b098b6230d8f360da7ea438366673f	k__Fungi	0.9695900367471102
928e9d9033051cc272562fad2b3476ac	k__Fungi	0.9631918638979088
ee96c400eb9e6d91b58e65d098b69ce6	k__Fungi	0.9804532875939636
f1d4fa5f157bbaae1920553dc8dad6c8	k__Fungi	0.9851378046972612
f9b2435cbd0168dc3430e09afe9e4e02	k__Fungi	0.9253214227399766
541401d34bfbfd1d5c8d52bad42805ce	k__Fungi	0.9633805976104162
dff75647a915ec77cedfc7fdac0e28b8	k__Fungi	0.9148085318714011
852d66b91d932b9a4b560c88280ff0f4	k__Fungi	0.9371645073121526
3f1d36ba4ff4117ec491e131dbec516f	k__Fungi	0.9922724041479243
f065993a37f044d0b709f94c4d5dabee	k__Fungi	0.9537749346035689
e121b27eb50905cb46e8c1c7683a2460	k__Fungi	0.980365619288189
35c106b25981e3d1e42c36bb81a9a9bc	k__Fungi	0.7851848730154556
8b67b20052094096888edbb3a630cb42	k__Fungi	0.9473605159654009
a4ef5cdc3381d12ae86c8045c0d9095b	k__Fungi	0.9905399752495617
4e280dd0a4a4f98b2b0f7c9a8f236861	k__Fungi	0.9891010317753341
0f0a99184f40e6dc0ea6b1172f524054	Unassigned	0.7161026045648361
a04c3631b1a2ea2cb688eb0a5589f72f	k__Fungi	0.9852888582404715
877229a4a1eac4d67c8a333d71309fd5	k__Fungi	0.9771962296901915
53d0cc8d04ff9b2a69cf761a443a9c80	k__Fungi	0.8284286127833524
367c91ab9261379c69831f1807e78365	k__Fungi	0.9737371150082381
f3df0ed193d57b3488e8602a1ef28571	k__Fungi	0.9940083210499848
8f17dd4684b47574d606c618aded3243	k__Fungi	0.9729194935050947
5cd71274ad90e7690fefb39f743c2c6c	k__Fungi	0.9632532249105132
c0820988ce9a3b834d17db88f8967e46	k__Fungi	0.9900938917726123
65bbca5f82ea9822849e256dba468785	k__Fungi	0.9989897053098411
7e6dcf6cb291a24bcf4e911c766d5ae6	k__Fungi	0.9734691895940123
d088415e0e178d369bc73a44841c154e	Unassigned	0.7474663365667524
bc77329b28e8ef9960ad262b23bded42	k__Fungi	0.963101088797275
ad46e46a95e98a60d541d5acbbb85af4	k__Fungi	0.9568617610291039
c776aeaa8284f028a82c4905e23a4fdb	k__Fungi	0.8952044785796084
23c46492c555ea30510a9c81a09412f5	k__Fungi	0.9674001462025303
69d529390557f7f92322f4135a3401e2	k__Fungi	0.9127853274657509
bdd2ff3fbd7d913a6fcfe7ff9bac68e0	k__Fungi	0.9883215189437786
2ab96d452c041821736595ca66c882e6	k__Fungi	0.9830833585305566
7893f0b3cbdd8c57a224624bd9095861	k__Fungi	0.9824772453278308
96eda91770d1835b8f9e89592eb5f7cc	k__Fungi	0.9978741713437849
d52cb72b2b7e6f7619becec72f111a9c	k__Fungi	0.980571811735198
8c1d09adc7d31a8d2bb9bd3d7eef553d	k__Fungi	0.9800803586630125
7bec46b598e7add79bf61db77d263456	k__Fungi	0.9630446707225133
3980840fa8fff2a696cade1793143954	k__Fungi	0.9556912166416276
b7aee21c04319c71d817f476488a6507	k__Fungi	0.9397047776967691
8465a0969f54bf9b24cd4d928364ae32	k__Fungi	0.9667446603696928
4b6ae3d18c05e58a71120af8e2dff945	k__Fungi	0.9707951184697613
2f00f90a86f098d49ad3e4eb4e885fe2	k__Fungi	0.9892032583309214
c5e6b4ba788ec396f18d3e030901188f	k__Fungi	0.9034317728641048
a4bca6fca31ef4cc7d10e6cfcda94eed	k__Fungi	0.9632814959374453
89b8e8ebe1826bebb6380a4dd5cb8cda	k__Fungi	0.9438692448327297
d9de29611d2adb99596e77148788c964	k__Fungi	0.970297206854468
9c235d770fe5b545c80502d621867765	k__Fungi	0.8579077210212183
9969c3917bb526043336ed6c5b7837bd	k__Fungi	0.984389117047183
633ca07f9d3af2be2b04748bb0e55027	k__Fungi	0.9759192843521973
53f0301c04587f7b479268b2b60dda67	k__Fungi	0.9838043729537471
bf4d80d6c36b3d3172a1a409025f74e2	Unassigned	0.6011748809469504
decf355a171b32771a4edbeb86248d6d	k__Fungi	0.9626617506286776
f762dd4ad29bbf32e07a85cacb581466	k__Fungi	0.928896397123973
27dfc7946988dacdc7ea19ee29277b7b	k__Fungi	0.9854845997849417
e5740447d1081b0761b59be7905248b5	k__Fungi	0.9214595376953011
c1c842251657be8ab3ab139fb63d4542	k__Fungi	0.9816657552807674
2b85c5d03521895b04e7426a89b53e7e	k__Fungi	0.9816880450359553
dd3f86f7f5695de83a85b58783cff8fc	k__Fungi	0.9798445211147172
1c8c34b90125987c84b640c762f5f93c	k__Fungi	0.9911551464466466
06a52563feda2ab47cfb4bcf327b36ce	k__Fungi	0.8570038107372842
d82a81bc8ea29bf6759af2b37ebc8d3e	Unassigned	0.7155931618054387
a6c326d262b088b10b30021f35ff06d8	k__Fungi	0.9816512575981812
674dde8dcca4aa86b7fda64fce8b8713	k__Fungi	0.9097724362929587
c62a33f2e567bb389120f98aad192fec	k__Fungi	0.9718086376493161
14e80a7c952a82bea1ccf6a1ac80b4a9	k__Fungi	0.9073947123770274
660db4e6ff0726172838bb5eb5a03bd1	k__Fungi	0.9387129276346681
27e8c55e759b0b1c4ceb996452ec828c	k__Fungi	0.9952531917884468
0ac6ccbc802350bade2c4c44d7f536ae	k__Fungi	0.8988229738231039
d779992e0a815bd3917e78631e4689ac	k__Fungi	0.8709443613396776
d1638679f4caf7f064d280d96e250b3b	k__Fungi	0.9884476546159726
34eb8f3dabbdf690baaac8891983b11e	k__Fungi	0.9972417666987876
d6299d372a8520995a8df69c2454c8a0	k__Fungi	0.9605772413174333
e41aa642e1f340c2dbc17d0d4a8a6e50	k__Fungi	0.9878342082053774
0ad21b06ef1bd056f67a227952739453	k__Fungi	0.8949259273626297
7fe55a99625b93a2dc31024e87ad3ae6	k__Fungi	0.989817903538583
5348f273370e9addac3c135afa3a5816	k__Fungi	0.9177844381788867
716f70cf8e5687fd2314f73e7ce1108a	k__Fungi	0.9716706378400694
3f30a07aef4537fd1a18156bf2fa4fd5	k__Fungi	0.9824158620655451
baf537f18542711e09c7f50e41dc3116	k__Fungi	0.9633539027038267
95dd9e894afcc5cf5bff27cc57ac22c8	k__Fungi	0.9495739460166067
47830c2bda8f7363e247300eecc76e76	k__Fungi	0.9702501078496639
3ab5101bee07552aee9f867671a23fd8	k__Fungi	0.9934760937739661
21d9be2c11e2b93aae2275e26f0b55d0	k__Fungi	0.928871107447695
564730376af9f95e51d3537a19765b12	k__Fungi	0.8956755625009467
1cb2ccd60dff429548b886b50e98f22f	Unassigned	0.3144290211959593
75dbfcf26493df1c815225b29081b246	k__Fungi	0.9936022744242383
48c924fa4048f1844aec9dbbba7a9784	k__Fungi	0.9735017673161875
f4961fe3dd3758b31c41d7eca988e37c	k__Fungi	0.9758917048022058
db6b848fd8a76db9af27c7c0605d6c31	k__Fungi	0.9971223983461662
90749daf8b1a8f24a3ed7dfcbd4e06fb	k__Fungi	0.9839725632318868
575b46a88da637f2ecfebbb9d10e2ba6	Unassigned	0.7890142481052023
696c7de895058a72fad6984ecbfa088c	k__Fungi	0.9855536006307365
24373359ef0e43a870bafc1c3e3e098c	k__Fungi	0.9809522464256417
e839a7f42b015b0ec2ce45e5edda71e7	k__Fungi	0.9927880027014252
fc778ad0d5cae20239459a9c156136fe	k__Fungi	0.9905034023415735
e04766323e759c827638beef5308f73c	k__Fungi	0.9783829439518335
f1210b8c4540f40f7c9b75677ee7f773	k__Fungi	0.9811755108459448
022a82a2bedc2b6873bf24512f2bcef7	k__Fungi	0.8282685551596054
b445d6d870ae0d39040bd724e8c1e5f4	k__Fungi	0.9463019962787164
882eeb1346257e1f8ba84bea50548791	k__Fungi	0.97908082962565
b2fa5ec2ddcdef1c282f1976f9716357	k__Fungi	0.9829710700828234
946fa7ad89810f37b20bb08e91835999	k__Fungi	0.9612973778830358
14dc878a47cac5619d6437e2407bfb2d	k__Fungi	0.9512641141411928
d111221193a338caa5e7059544cbbcb3	k__Fungi	0.9570048639531308
f42a10d08fc2ca7cfed132e76bcd75e0	k__Fungi	0.9638505962054942
52e41adc31dd9b624ba2921f219847c8	k__Fungi	0.9059561941551744
915e121f2fcf135ff429ccb10378eeaa	k__Fungi	0.9943888130574792
4862860889cb0cfa87582e93976ca16c	k__Fungi	0.9624761868233569
81ad757f30c34423d04a9efe68b94851	k__Fungi	0.9706972846968861
cf8aefdad16af71d0b7196517ec6255a	k__Fungi	0.9255095066876958
bfccc366b905dacaf7e3436207aa7ccf	k__Fungi	0.9596173444210883
453f69f8aed984f61d7a8af91c8bace0	k__Fungi	0.9763068744341762
9ae1d0cd309862088f3aa4dcb331d2fe	k__Fungi	0.9959147797074728
07acdeb1cb2a05951a151efbc0c7eecb	k__Fungi	0.996887115274641
a1108e6e4252f8ee59ed8dc1147f690e	k__Fungi	0.940785595796296
33595082b673368ce2ffe311b58a610b	k__Fungi	0.9552878421415332
e8e7eaf6dd44a5f1bbef47419b3a624f	Unassigned	0.8444973013223465
0d39a4a1025a571a319e398c4a83c110	k__Fungi	0.9538625511832384
4839b55aff7e21cd6aee303ddb987bfd	k__Fungi	0.972991490759366
2a53c5024b1b19abb6bbcd62055a1541	k__Fungi	0.9909512782667075
0ab3bc67a7ee034343face019c5a3626	k__Fungi	0.9718413003216831
e6e5b47ec71f91c97b4feaa7ea9bcc3a	k__Fungi	0.9320614184718417
2d17fa7fa5e60212bd46d29f9c318303	k__Fungi	0.9477503407964977
18b0b37441f4149b9a237c61e97908c4	k__Fungi	0.8918441160691353
10583ccbb086f115c7bf7f14d8bfecc3	k__Fungi	0.979925621104914
7c3bb36f0e9ab7ae1527477aae726779	k__Fungi	0.988379496835837
3a859bc0d24f9501ed11b672262a6af7	k__Fungi	0.9476120932581273
e60c2e8acf2a76dc7029eb59aed03e58	k__Fungi	0.9942053915452246
3f5ea6d623a11fe04e2bf06cdf80ba1a	k__Fungi	0.8409603788625306
dd1affe47776f178f5ae2cc231111e0c	k__Fungi	0.9907490749882427
be8b78a1fe93887040c242b9dd7636d5	k__Fungi	0.9330673351365968
058c7dcc3c8ced046a25da553cb39778	k__Fungi	0.9918797477877008
2ad6125067351e86aceecd79fabd6b52	k__Fungi	0.9704806212609286
907dd07ad23164111f54ca5a9d4bb435	k__Fungi	0.9919743241530801
ef2c392c24460b895200fcca0d85049f	k__Fungi	0.9891373738423318
51886b778e02c59ee1e9af7b3af89bb1	k__Fungi	0.9945082935245151
60d00652b728ad53a7188597f381ab47	k__Fungi	0.9041662213274221
2f8939477b59e38d385fe878bc74397b	k__Fungi	0.8194987342979718
dd61d93dd7779c33a20c32aaf4552d04	k__Fungi	0.969299098916114
ab78e452d30eab53a4f8a6480216de76	k__Fungi	0.9576280277002622
eed8dda351f7f5f43267b86c0ad43194	k__Fungi	0.988443620726482
ce8f8e7ac82b397cae1c37574073ef78	k__Fungi	0.9764254854468527
e510f3c6085c3cd87103397a8a9d0ac8	k__Fungi	0.9752242179611998
f551cee3185b7c54a68970e0f2cb3fb2	k__Fungi	0.9976119778100848
c7d9f574fd44621357a56023115d16ef	k__Fungi	0.9288835450194373
0e848eeb793cf7158c0223c4767cf304	k__Fungi	0.9143904445486628
87f0a2d726ab477fadc35d4f05c1705d	k__Fungi	0.995778465577926
cd52166946f6fb98994cc2abe98996cd	k__Fungi	0.9850432479998694
ce4f5a6158f000b007d9a5b152aac9d8	k__Fungi	0.998382668672744
bb37f923d5351093e5b288e3e2b7075b	k__Fungi	0.9706971155415367
0dc9aff9ab9a7a58cf26efcfde3100f1	k__Fungi	0.9797991074892343
ca895a763901cd6c5df5e5bb3904870e	k__Fungi	0.9886187677011115
05daeb1e55a713452e195f15ba4a3061	k__Fungi	0.9576229346793904
20894cc0899346ca6345504f78b00d30	Unassigned	0.5580686637917285
9830675b7c3cff13ccd20deb85338a6b	k__Fungi	0.9766489427772566
fc0b2927183b23d4e2b6377a1293d67e	k__Fungi	0.9259969278305294
6cc5a3cc5b35473d6835f9e7ac4418bb	k__Fungi	0.9278296440351828
02be280db84c31d914502a56527fdbcc	k__Fungi	0.9640304385977925
d48dad86b386400581010763308209ea	k__Fungi	0.9971883213348602
ebcde195fd0323c145e0fecbdc08e587	k__Fungi	0.9987340621329085
a51f499803d8f8c28cfb0a4ff0b05589	k__Fungi	0.9942253111913184
138fe7a6c70b102fed206f5d5aebe74f	k__Fungi	0.9916421699423252
5673b138551e85e1b5fdee02b649b61a	k__Fungi	0.964110396954128
4281033baca1e6c10d4ec38e6d0cfa65	k__Fungi	0.9694590140545076
cce01389d0b0009ace1fa849ec613ce4	k__Fungi	0.9776799574181583
d5c7cfb32e8b17a5e018cfd23c517ea9	k__Fungi	0.9790852757182811
27bc35d6f3bdfe06d9675b08525e67eb	k__Fungi	0.9869691306854455
82e6c1914cf1136f0518b791f25659cc	k__Fungi	0.9688624566471313
b24ec474344dd9883f0c7205cfe7ddd6	k__Fungi	0.9037779011426309
094f2a3efcdb51f53c7101d6784c5268	k__Fungi	0.9540585568923765
09ae0a107d15a86ba370fcef9f5adfed	k__Fungi	0.9424733120502651
31278d3f9e02a2db48238f3bce32aae3	k__Fungi	0.9007018188453766
b8294be2365a2de27a4cab4748699b74	k__Fungi	0.986093558690357
2056fcc703c5292741deb93fd0208969	k__Fungi	0.9015205526049597
fe86baf05a33ec979f065ae361d9be6a	k__Fungi	0.9942754427472933
14b4f988dc953d04338b2f50a339e544	k__Fungi	0.9582843086292938
63212d99b65c2950eccba58806f7c777	k__Fungi	0.8665790159606774
2c0209b03ae8ad9c97625777ec6dbf1a	k__Fungi	0.9136420386952626
b8100015d9c122a2bf2e38afeebb6562	k__Fungi	0.9388277505529404
fe9f65701e64dbf519a01f4808ec17f1	k__Fungi	0.9970812382049447
0a2f411a71536805ff7dd3b207b7eb18	k__Fungi	0.9959790007025817
911b33f55085aff827206624628d6cff	k__Fungi	0.9941753529726834
d3cd4150a2b17a59dad7512b7bb1be8d	k__Fungi	0.9495700921698516
636dbae813b0328e3e29ee2b9ea1cd5c	k__Fungi	0.9684465011177779
e2943fff2ebe24792ade2a9d6e2701d0	k__Fungi	0.9942100310773857
8e1c35e9e6312d3b707b787d337fa822	k__Fungi	0.8134633437529109
6fd200cf5aeda20a5260304f99a53412	k__Fungi	0.9444447157843592
5e49c7433773f6387a61998e8be87d8a	Unassigned	0.5851061203007244
1d1e2300affed0468517984821d63835	k__Fungi	0.967759327664419
d83442f68597ca5636e1bb3c449ed854	k__Fungi	0.994979668009707
b6e9a00cce80e1834be1ed42f42de762	k__Fungi	0.9513536501293554
6ca314385d56476bffd1c1aa749ee8ba	k__Fungi	0.8525923954639815
8a98dfdd1b4dee109e04e7b9555bf0e5	Unassigned	0.8236972060809531
a2fde551f585330bc1a3fbe22f441b2d	k__Fungi	0.9942429856503618
17fb51c94374455348c195686afacac6	k__Fungi	0.9782991730608718
e16d853badd68cda6be2c521dcf2468e	k__Fungi	0.9867477423783908
ff2956b228ef497691fb8e7feb94714e	k__Fungi	0.9555586996329157
c7f2da2d3da79a7a5793035e62178134	k__Fungi	0.9255061253435563
d4a5729a5ca9056386b5aab4924a4d28	k__Fungi	0.8533323383238428
99df8b0b60990d0c60530180ef04ac17	k__Fungi	0.8474547707845044
c6412affaa17e06e44504a914ffad8b6	k__Fungi	0.9783093488793063
dceaf346c0e55aada4b0ca13af1343b0	k__Fungi	0.8858772891621903
85b95ae7293ea6bddc6889135d7497b7	k__Fungi	0.8873099718372566
ea16a159d02f05e49e28e9f2968a41aa	k__Fungi	0.9738318503713915
2fc219e3de2090f054ddef98804975b0	k__Fungi	0.9468198191239174
4f84c2a98221b28c2243bc15c968f260	k__Fungi	0.9854806255163339
177a4ac52c0759ed148c74e57b5a9f77	k__Fungi	0.9638551133165971
871c32fdec586dc0496d686f415f893f	k__Fungi	0.9971414910359845
2e12a7c278e9ad4807edfd571af66ac1	k__Fungi	0.9295186026918623
9dcdbe615e4fef8f9bf371bfb10a1880	k__Fungi	0.9889080746850615
97f8e245a25df72666f0fde4c538ac6a	k__Fungi	0.9935358802145307
43d47d8fb254c70aa90d05ba3812cff6	k__Fungi	0.9718703764000146
bd5c1eb6be29daf06fefeeb6578cdc29	k__Fungi	0.9822104788150432
312c5f296229fbe871a4f25d0e89ec19	k__Fungi	0.910654935942171
e5131748797b8eb520f0283192b048f3	k__Fungi	0.9785022824793588
98b091b5929e4f7aaa7973fa254f218b	k__Fungi	0.9686786003447322
68926261f9c21f1f49b1ede62f3add1b	k__Fungi	0.9931673494342693
74bf006a6fa731e40d9141c5dd2fe344	k__Fungi	0.9882036455388479
bce0348d085a1748257886c7f2267dac	k__Fungi	0.893888228177076
bf6f2d584e9f2f50488fad48d62dff08	k__Fungi	0.9262282592613279
e21e2afc1f40adb102038a4367b7e9c4	k__Fungi	0.9887569287933995
b40bda68b1601bdfa5c08d042244758f	k__Fungi	0.86047309461968
3db64cb2a0649591fa8e9f472840c736	k__Fungi	0.924648188458265
bc04f5db379fa698b9bbc36af91c06f7	k__Fungi	0.9678629752737603
fadd58620eff700772998ac457c2dcf5	k__Fungi	0.9943228132016335
a55ea73d0b0d310963d04fe09aae8a46	k__Fungi	0.9791763394772113
18aaff23c8ee23c881955723ac460c32	k__Fungi	0.952682085263191
28f8bc15d07e30e017b64fed51a30bb2	k__Fungi	0.8854700270401676
be287b668ec528eef1c5d7e9bc7b725b	k__Fungi	0.9764944011107752
0906389b16e4ac7b18976ffb402900de	k__Fungi	0.9715960825423511
a66efe00576be921b6dbf1b66e66af6f	Unassigned	0.6474606787587391
c81733ed7340c14e14662a76f93ee640	k__Fungi	0.9878309754938843
e498b1c8053f99b154fd8ab5cd20b789	k__Fungi	0.9444629782855825
b86fdc62753c68315175b30ef96a4282	k__Fungi	0.9644978730596574
78a8f6e025768ecb0ff093daca3c90e7	k__Fungi	0.9772874743871437
5da52b1c360bf60e9f348e137b08a401	k__Fungi	0.9582980788781549
df8bab0f44f71954130f0d68bf053d5a	k__Fungi	0.9892227036965008
4faa2568721b0b67a1ba9efbad0ac3b1	k__Fungi	0.9743284177069317
5823630ef85e878e96cce6f8a895ca71	k__Fungi	0.9904159012827269
8a24a9e9666045ef4b125a113f0e7b71	k__Fungi	0.9869867350348009
61cc786b98af296951346d88f7177718	k__Fungi	0.9425585620847325
66b2c7f0edb93bd28b86146e881a9ef3	k__Fungi	0.8590254183651675
9eebcb3bc094abd61a3e34b5460a332a	Unassigned	0.9342686306543455
738bdf70b9b6b7e3c232868ccb865866	k__Fungi;p__Basidiomycota	0.7634934604092168
8f36b270c325a86217df1290daa5a08f	k__Fungi	0.9980067893439096
65f63c44c84b62b1599b26803ec4c17e	k__Fungi	0.9914510284355491
2f8941958d656320ed6aba31ca325601	k__Fungi	0.9848677658764836
1af7aa0c82873038ee7c8ff96dba4f19	Unassigned	0.8494581570339683
c2521bf188d396b267ded7a04aa563b3	k__Fungi	0.9702530820840638
99f0d3f61c332be60b98dbe170b9f694	k__Fungi	0.8488420322111909
e4d92e93b275843a331d1ef7b4db909c	k__Fungi	0.951590957246712
169f2edf7caae2cb957ad01331929cc7	k__Fungi	0.9625219912028453
a4c9c90a0d5538fb5dfc2975b0795c74	k__Fungi	0.9894338874895463
88c4c006aaa4271e1b3a365128718e31	k__Fungi	0.9423813338299495
2a94f0f0a434905cb998562021828cae	k__Fungi;p__Basidiomycota;c__Agaricomycetes	0.7740398111968236
074c7e8c11e179ed027ed6dfb35cc1b4	k__Fungi	0.9623780337911156
54fe7ba55ad828d439dab4e7090dd470	k__Fungi	0.9692841184598668
b5ba519afc7fced0d8eab13dc4649451	k__Fungi	0.981953214148941
ba919bad6b56262f7941417e755c22a9	k__Fungi	0.9945194727852369
